filename,width,height,class,xmin,ymin,xmax,ymax
003Razor Billed Curassow Mitu tuberoso11.2.jpg,1280,720,RazorBilledCurassow,624,176,919,475
003Razor Billed Curassow Mitu tuberoso11.2.jpg,1280,720,Spiny Rat,951,502,975,510
003Razor Billed Curassow Mitu tuberoso11.2.jpg,1280,720,Agouti,300,220,361,342
003Razor Billed Curassow Mitu tuberoso11.3.jpg,1280,720,RazorBilledCurassow,624,176,919,475
003Razor Billed Curassow Mitu tuberoso11.3.jpg,1280,720,Spiny Rat,951,502,975,510
003Razor Billed Curassow Mitu tuberoso11.3.jpg,1280,720,Agouti,300,220,361,342
003Razor Billed Curassow Mitu tuberoso11.4.jpg,1280,720,RazorBilledCurassow,624,176,919,475
003Razor Billed Curassow Mitu tuberoso11.4.jpg,1280,720,Spiny Rat,951,502,975,510
003Razor Billed Curassow Mitu tuberoso11.4.jpg,1280,720,Agouti,300,220,361,342
003Razor Billed Curassow Mitu tuberoso11.5.jpg,1280,720,RazorBilledCurassow,624,176,919,475
003Razor Billed Curassow Mitu tuberoso11.5.jpg,1280,720,Spiny Rat,951,502,975,510
003Razor Billed Curassow Mitu tuberoso11.5.jpg,1280,720,Agouti,300,220,361,342
003Razor Billed Curassow Mitu tuberoso11.6.jpg,1280,720,RazorBilledCurassow,624,176,919,475
003Razor Billed Curassow Mitu tuberoso11.6.jpg,1280,720,Spiny Rat,951,502,975,510
003Razor Billed Curassow Mitu tuberoso11.6.jpg,1280,720,Agouti,300,220,361,342
003Razor Billed Curassow Mitu tuberoso11.7.jpg,1280,720,RazorBilledCurassow,624,176,919,475
003Razor Billed Curassow Mitu tuberoso11.7.jpg,1280,720,Spiny Rat,951,502,975,510
003Razor Billed Curassow Mitu tuberoso11.7.jpg,1280,720,Agouti,300,220,361,342
003Razor Billed Curassow Mitu tuberoso11.8.jpg,1280,720,RazorBilledCurassow,621,176,919,475
003Razor Billed Curassow Mitu tuberoso11.8.jpg,1280,720,Spiny Rat,951,502,975,510
003Razor Billed Curassow Mitu tuberoso11.8.jpg,1280,720,Agouti,300,220,361,342
003Razor Billed Curassow Mitu tuberoso11.9.jpg,1280,720,RazorBilledCurassow,619,175,919,475
003Razor Billed Curassow Mitu tuberoso11.9.jpg,1280,720,Spiny Rat,951,502,975,510
003Razor Billed Curassow Mitu tuberoso11.9.jpg,1280,720,Agouti,300,220,361,342
003Razor Billed Curassow Mitu tuberoso11.10.jpg,1280,720,RazorBilledCurassow,619,175,919,475
003Razor Billed Curassow Mitu tuberoso11.10.jpg,1280,720,Spiny Rat,951,502,975,510
003Razor Billed Curassow Mitu tuberoso11.10.jpg,1280,720,Agouti,300,220,361,342
003Razor Billed Curassow Mitu tuberoso11.11.jpg,1280,720,RazorBilledCurassow,617,175,919,475
003Razor Billed Curassow Mitu tuberoso11.11.jpg,1280,720,Spiny Rat,951,502,975,510
003Razor Billed Curassow Mitu tuberoso11.11.jpg,1280,720,Agouti,300,220,361,342
003Razor Billed Curassow Mitu tuberoso11.12.jpg,1280,720,RazorBilledCurassow,617,175,919,475
003Razor Billed Curassow Mitu tuberoso11.12.jpg,1280,720,Spiny Rat,951,502,975,510
003Razor Billed Curassow Mitu tuberoso11.12.jpg,1280,720,Agouti,300,220,361,342
003Razor Billed Curassow Mitu tuberoso11.13.jpg,1280,720,RazorBilledCurassow,615,174,919,475
003Razor Billed Curassow Mitu tuberoso11.13.jpg,1280,720,Spiny Rat,951,502,975,510
003Razor Billed Curassow Mitu tuberoso11.13.jpg,1280,720,Agouti,300,220,361,342
003Razor Billed Curassow Mitu tuberoso11.14.jpg,1280,720,RazorBilledCurassow,613,173,919,475
003Razor Billed Curassow Mitu tuberoso11.14.jpg,1280,720,Spiny Rat,951,502,975,510
003Razor Billed Curassow Mitu tuberoso11.14.jpg,1280,720,Agouti,300,220,361,342
003Razor Billed Curassow Mitu tuberoso11.15.jpg,1280,720,RazorBilledCurassow,613,173,919,475
003Razor Billed Curassow Mitu tuberoso11.15.jpg,1280,720,Spiny Rat,951,502,975,510
003Razor Billed Curassow Mitu tuberoso11.15.jpg,1280,720,Agouti,300,220,361,342
003Razor Billed Curassow Mitu tuberoso11.16.jpg,1280,720,RazorBilledCurassow,613,173,919,475
003Razor Billed Curassow Mitu tuberoso11.16.jpg,1280,720,Spiny Rat,951,502,975,510
003Razor Billed Curassow Mitu tuberoso11.16.jpg,1280,720,Agouti,300,220,361,342
003Razor Billed Curassow Mitu tuberoso11.17.jpg,1280,720,RazorBilledCurassow,613,173,919,475
003Razor Billed Curassow Mitu tuberoso11.17.jpg,1280,720,Spiny Rat,951,502,975,510
003Razor Billed Curassow Mitu tuberoso11.17.jpg,1280,720,Agouti,300,220,361,342
003Razor Billed Curassow Mitu tuberoso11.18.jpg,1280,720,RazorBilledCurassow,608,172,919,475
003Razor Billed Curassow Mitu tuberoso11.18.jpg,1280,720,Spiny Rat,951,502,975,510
003Razor Billed Curassow Mitu tuberoso11.18.jpg,1280,720,Agouti,300,220,361,342
003Razor Billed Curassow Mitu tuberoso11.19.jpg,1280,720,RazorBilledCurassow,607,172,919,475
003Razor Billed Curassow Mitu tuberoso11.19.jpg,1280,720,Spiny Rat,951,502,975,510
003Razor Billed Curassow Mitu tuberoso11.19.jpg,1280,720,Agouti,300,220,361,342
003Razor Billed Curassow Mitu tuberoso11.20.jpg,1280,720,RazorBilledCurassow,607,172,919,475
003Razor Billed Curassow Mitu tuberoso11.20.jpg,1280,720,Spiny Rat,951,502,975,510
003Razor Billed Curassow Mitu tuberoso11.20.jpg,1280,720,Agouti,300,220,361,342
003Razor Billed Curassow Mitu tuberoso11.21.jpg,1280,720,RazorBilledCurassow,607,172,919,475
003Razor Billed Curassow Mitu tuberoso11.21.jpg,1280,720,Spiny Rat,951,502,975,510
003Razor Billed Curassow Mitu tuberoso11.21.jpg,1280,720,Agouti,300,220,361,342
003Razor Billed Curassow Mitu tuberoso11.22.jpg,1280,720,RazorBilledCurassow,607,172,919,475
003Razor Billed Curassow Mitu tuberoso11.22.jpg,1280,720,Spiny Rat,951,502,975,510
003Razor Billed Curassow Mitu tuberoso11.22.jpg,1280,720,Agouti,300,220,361,342
003Razor Billed Curassow Mitu tuberoso11.23.jpg,1280,720,RazorBilledCurassow,607,172,919,475
003Razor Billed Curassow Mitu tuberoso11.23.jpg,1280,720,Spiny Rat,951,502,975,510
003Razor Billed Curassow Mitu tuberoso11.23.jpg,1280,720,Agouti,300,220,361,342
003Razor Billed Curassow Mitu tuberoso11.24.jpg,1280,720,RazorBilledCurassow,605,168,919,475
003Razor Billed Curassow Mitu tuberoso11.24.jpg,1280,720,Spiny Rat,951,502,975,510
003Razor Billed Curassow Mitu tuberoso11.24.jpg,1280,720,Agouti,300,220,361,342
003Razor Billed Curassow Mitu tuberoso11.25.jpg,1280,720,RazorBilledCurassow,605,167,919,475
003Razor Billed Curassow Mitu tuberoso11.25.jpg,1280,720,Spiny Rat,951,502,975,510
003Razor Billed Curassow Mitu tuberoso11.25.jpg,1280,720,Agouti,300,220,361,342
003Razor Billed Curassow Mitu tuberoso11.26.jpg,1280,720,RazorBilledCurassow,605,167,919,475
003Razor Billed Curassow Mitu tuberoso11.26.jpg,1280,720,Spiny Rat,951,502,975,510
003Razor Billed Curassow Mitu tuberoso11.26.jpg,1280,720,Agouti,300,220,361,342
003Razor Billed Curassow Mitu tuberoso11.27.jpg,1280,720,RazorBilledCurassow,604,167,919,475
003Razor Billed Curassow Mitu tuberoso11.27.jpg,1280,720,Spiny Rat,951,502,975,510
003Razor Billed Curassow Mitu tuberoso11.27.jpg,1280,720,Agouti,300,220,361,342
003Razor Billed Curassow Mitu tuberoso11.28.jpg,1280,720,RazorBilledCurassow,604,167,919,475
003Razor Billed Curassow Mitu tuberoso11.28.jpg,1280,720,Spiny Rat,951,502,975,510
003Razor Billed Curassow Mitu tuberoso11.28.jpg,1280,720,Agouti,300,220,361,342
003Razor Billed Curassow Mitu tuberoso11.29.jpg,1280,720,RazorBilledCurassow,604,167,919,475
003Razor Billed Curassow Mitu tuberoso11.29.jpg,1280,720,Spiny Rat,951,502,975,510
003Razor Billed Curassow Mitu tuberoso11.29.jpg,1280,720,Agouti,300,220,361,342
003Razor Billed Curassow Mitu tuberoso11.30.jpg,1280,720,RazorBilledCurassow,604,167,919,475
003Razor Billed Curassow Mitu tuberoso11.30.jpg,1280,720,Spiny Rat,951,502,975,510
003Razor Billed Curassow Mitu tuberoso11.30.jpg,1280,720,Agouti,300,220,361,342
003Razor Billed Curassow Mitu tuberoso11.31.jpg,1280,720,RazorBilledCurassow,604,167,919,475
003Razor Billed Curassow Mitu tuberoso11.31.jpg,1280,720,Spiny Rat,951,502,975,510
003Razor Billed Curassow Mitu tuberoso11.31.jpg,1280,720,Agouti,300,220,361,342
003Razor Billed Curassow Mitu tuberoso11.32.jpg,1280,720,RazorBilledCurassow,604,167,919,475
003Razor Billed Curassow Mitu tuberoso11.32.jpg,1280,720,Spiny Rat,951,502,975,510
003Razor Billed Curassow Mitu tuberoso11.32.jpg,1280,720,Agouti,300,220,361,342
003Razor Billed Curassow Mitu tuberoso11.33.jpg,1280,720,RazorBilledCurassow,604,167,919,475
003Razor Billed Curassow Mitu tuberoso11.33.jpg,1280,720,Spiny Rat,951,502,974,509
003Razor Billed Curassow Mitu tuberoso11.33.jpg,1280,720,Agouti,300,220,361,342
003Razor Billed Curassow Mitu tuberoso11.34.jpg,1280,720,RazorBilledCurassow,604,167,919,475
003Razor Billed Curassow Mitu tuberoso11.34.jpg,1280,720,Spiny Rat,951,502,973,508
003Razor Billed Curassow Mitu tuberoso11.34.jpg,1280,720,Agouti,300,220,361,342
003Razor Billed Curassow Mitu tuberoso11.35.jpg,1280,720,RazorBilledCurassow,604,167,919,475
003Razor Billed Curassow Mitu tuberoso11.35.jpg,1280,720,Spiny Rat,951,502,972,505
003Razor Billed Curassow Mitu tuberoso11.35.jpg,1280,720,Agouti,300,220,361,342
003Razor Billed Curassow Mitu tuberoso11.36.jpg,1280,720,RazorBilledCurassow,604,167,919,475
003Razor Billed Curassow Mitu tuberoso11.36.jpg,1280,720,Spiny Rat,951,502,971,504
003Razor Billed Curassow Mitu tuberoso11.36.jpg,1280,720,Agouti,300,220,361,342
003Razor Billed Curassow Mitu tuberoso11.37.jpg,1280,720,RazorBilledCurassow,604,167,919,475
003Razor Billed Curassow Mitu tuberoso11.37.jpg,1280,720,Spiny Rat,951,502,970,502
003Razor Billed Curassow Mitu tuberoso11.37.jpg,1280,720,Agouti,300,220,361,342
003Razor Billed Curassow Mitu tuberoso11.38.jpg,1280,720,RazorBilledCurassow,604,167,919,475
003Razor Billed Curassow Mitu tuberoso11.38.jpg,1280,720,Spiny Rat,951,502,969,500
003Razor Billed Curassow Mitu tuberoso11.38.jpg,1280,720,Agouti,300,220,361,342
003Razor Billed Curassow Mitu tuberoso11.39.jpg,1280,720,RazorBilledCurassow,606,167,919,475
003Razor Billed Curassow Mitu tuberoso11.39.jpg,1280,720,Spiny Rat,951,502,969,500
003Razor Billed Curassow Mitu tuberoso11.39.jpg,1280,720,Agouti,300,220,361,342
003Razor Billed Curassow Mitu tuberoso11.40.jpg,1280,720,RazorBilledCurassow,607,167,919,475
003Razor Billed Curassow Mitu tuberoso11.40.jpg,1280,720,Spiny Rat,951,502,969,500
003Razor Billed Curassow Mitu tuberoso11.40.jpg,1280,720,Agouti,300,220,361,342
003Razor Billed Curassow Mitu tuberoso11.41.jpg,1280,720,RazorBilledCurassow,607,167,919,475
003Razor Billed Curassow Mitu tuberoso11.41.jpg,1280,720,Spiny Rat,951,502,969,500
003Razor Billed Curassow Mitu tuberoso11.41.jpg,1280,720,Agouti,300,220,361,342
003Razor Billed Curassow Mitu tuberoso11.42.jpg,1280,720,RazorBilledCurassow,609,169,919,475
003Razor Billed Curassow Mitu tuberoso11.42.jpg,1280,720,Spiny Rat,951,502,969,500
003Razor Billed Curassow Mitu tuberoso11.42.jpg,1280,720,Agouti,300,220,361,342
003Razor Billed Curassow Mitu tuberoso11.43.jpg,1280,720,RazorBilledCurassow,610,169,919,475
003Razor Billed Curassow Mitu tuberoso11.43.jpg,1280,720,Spiny Rat,951,502,966,495
003Razor Billed Curassow Mitu tuberoso11.43.jpg,1280,720,Agouti,300,220,361,342
003Razor Billed Curassow Mitu tuberoso11.44.jpg,1280,720,RazorBilledCurassow,611,169,918,475
003Razor Billed Curassow Mitu tuberoso11.44.jpg,1280,720,Spiny Rat,951,502,965,493
003Razor Billed Curassow Mitu tuberoso11.44.jpg,1280,720,Agouti,300,220,361,342
003Razor Billed Curassow Mitu tuberoso11.45.jpg,1280,720,RazorBilledCurassow,612,170,918,475
003Razor Billed Curassow Mitu tuberoso11.45.jpg,1280,720,Spiny Rat,951,502,965,493
003Razor Billed Curassow Mitu tuberoso11.45.jpg,1280,720,Agouti,300,220,361,342
003Razor Billed Curassow Mitu tuberoso11.46.jpg,1280,720,RazorBilledCurassow,612,170,918,475
003Razor Billed Curassow Mitu tuberoso11.46.jpg,1280,720,Spiny Rat,951,502,965,493
003Razor Billed Curassow Mitu tuberoso11.46.jpg,1280,720,Agouti,300,220,361,342
003Razor Billed Curassow Mitu tuberoso11.47.jpg,1280,720,RazorBilledCurassow,612,170,918,475
003Razor Billed Curassow Mitu tuberoso11.47.jpg,1280,720,Spiny Rat,951,502,965,492
003Razor Billed Curassow Mitu tuberoso11.47.jpg,1280,720,Agouti,300,220,361,342
003Razor Billed Curassow Mitu tuberoso11.48.jpg,1280,720,RazorBilledCurassow,612,170,918,475
003Razor Billed Curassow Mitu tuberoso11.48.jpg,1280,720,Spiny Rat,951,502,964,486
003Razor Billed Curassow Mitu tuberoso11.48.jpg,1280,720,Agouti,300,220,361,342
003Razor Billed Curassow Mitu tuberoso11.49.jpg,1280,720,RazorBilledCurassow,614,171,918,475
003Razor Billed Curassow Mitu tuberoso11.49.jpg,1280,720,Spiny Rat,951,502,964,486
003Razor Billed Curassow Mitu tuberoso11.49.jpg,1280,720,Agouti,300,220,361,342
003Razor Billed Curassow Mitu tuberoso11.50.jpg,1280,720,RazorBilledCurassow,614,171,918,475
003Razor Billed Curassow Mitu tuberoso11.50.jpg,1280,720,Spiny Rat,951,502,964,486
003Razor Billed Curassow Mitu tuberoso11.50.jpg,1280,720,Agouti,300,220,361,342
003Razor Billed Curassow Mitu tuberoso11.51.jpg,1280,720,RazorBilledCurassow,614,172,913,475
003Razor Billed Curassow Mitu tuberoso11.51.jpg,1280,720,Spiny Rat,951,502,964,486
003Razor Billed Curassow Mitu tuberoso11.51.jpg,1280,720,Agouti,300,220,361,342
003Razor Billed Curassow Mitu tuberoso11.52.jpg,1280,720,RazorBilledCurassow,605,180,908,475
003Razor Billed Curassow Mitu tuberoso11.52.jpg,1280,720,Spiny Rat,951,502,964,486
003Razor Billed Curassow Mitu tuberoso11.52.jpg,1280,720,Agouti,300,220,361,342
003Razor Billed Curassow Mitu tuberoso11.53.jpg,1280,720,RazorBilledCurassow,579,185,898,475
003Razor Billed Curassow Mitu tuberoso11.53.jpg,1280,720,Spiny Rat,951,502,964,486
003Razor Billed Curassow Mitu tuberoso11.53.jpg,1280,720,Agouti,300,220,361,342
003Razor Billed Curassow Mitu tuberoso11.54.jpg,1280,720,RazorBilledCurassow,578,185,897,476
003Razor Billed Curassow Mitu tuberoso11.54.jpg,1280,720,Spiny Rat,951,502,961,490
003Razor Billed Curassow Mitu tuberoso11.54.jpg,1280,720,Agouti,300,220,361,342
003Razor Billed Curassow Mitu tuberoso11.55.jpg,1280,720,RazorBilledCurassow,578,185,897,476
003Razor Billed Curassow Mitu tuberoso11.55.jpg,1280,720,Spiny Rat,951,502,960,492
003Razor Billed Curassow Mitu tuberoso11.55.jpg,1280,720,Agouti,300,220,361,342
003Razor Billed Curassow Mitu tuberoso11.56.jpg,1280,720,RazorBilledCurassow,578,185,897,476
003Razor Billed Curassow Mitu tuberoso11.56.jpg,1280,720,Spiny Rat,951,502,959,494
003Razor Billed Curassow Mitu tuberoso11.56.jpg,1280,720,Agouti,300,220,361,342
003Razor Billed Curassow Mitu tuberoso11.57.jpg,1280,720,RazorBilledCurassow,572,185,897,476
003Razor Billed Curassow Mitu tuberoso11.57.jpg,1280,720,Spiny Rat,951,502,959,494
003Razor Billed Curassow Mitu tuberoso11.57.jpg,1280,720,Agouti,300,220,361,342
003Razor Billed Curassow Mitu tuberoso11.58.jpg,1280,720,RazorBilledCurassow,566,185,891,479
003Razor Billed Curassow Mitu tuberoso11.58.jpg,1280,720,Spiny Rat,951,502,959,494
003Razor Billed Curassow Mitu tuberoso11.58.jpg,1280,720,Agouti,300,220,361,342
003Razor Billed Curassow Mitu tuberoso11.59.jpg,1280,720,RazorBilledCurassow,532,190,884,480
003Razor Billed Curassow Mitu tuberoso11.59.jpg,1280,720,Spiny Rat,951,502,959,494
003Razor Billed Curassow Mitu tuberoso11.59.jpg,1280,720,Agouti,300,220,361,342
003Razor Billed Curassow Mitu tuberoso11.60.jpg,1280,720,RazorBilledCurassow,518,191,883,481
003Razor Billed Curassow Mitu tuberoso11.60.jpg,1280,720,Spiny Rat,951,502,959,494
003Razor Billed Curassow Mitu tuberoso11.60.jpg,1280,720,Agouti,300,220,361,342
003Razor Billed Curassow Mitu tuberoso11.61.jpg,1280,720,RazorBilledCurassow,518,191,881,481
003Razor Billed Curassow Mitu tuberoso11.61.jpg,1280,720,Spiny Rat,951,502,959,494
003Razor Billed Curassow Mitu tuberoso11.61.jpg,1280,720,Agouti,300,220,361,342
003Razor Billed Curassow Mitu tuberoso11.62.jpg,1280,720,RazorBilledCurassow,518,191,874,483
003Razor Billed Curassow Mitu tuberoso11.62.jpg,1280,720,Spiny Rat,951,502,959,494
003Razor Billed Curassow Mitu tuberoso11.62.jpg,1280,720,Agouti,300,220,361,342
003Razor Billed Curassow Mitu tuberoso11.63.jpg,1280,720,RazorBilledCurassow,518,191,866,483
003Razor Billed Curassow Mitu tuberoso11.63.jpg,1280,720,Spiny Rat,951,502,959,494
003Razor Billed Curassow Mitu tuberoso11.63.jpg,1280,720,Agouti,300,220,361,342
003Razor Billed Curassow Mitu tuberoso11.64.jpg,1280,720,RazorBilledCurassow,518,191,861,484
003Razor Billed Curassow Mitu tuberoso11.64.jpg,1280,720,Spiny Rat,951,502,959,494
003Razor Billed Curassow Mitu tuberoso11.64.jpg,1280,720,Agouti,300,220,361,342
003Razor Billed Curassow Mitu tuberoso11.65.jpg,1280,720,RazorBilledCurassow,518,191,857,485
003Razor Billed Curassow Mitu tuberoso11.65.jpg,1280,720,Spiny Rat,951,502,959,494
003Razor Billed Curassow Mitu tuberoso11.65.jpg,1280,720,Agouti,300,220,361,342
003Razor Billed Curassow Mitu tuberoso11.66.jpg,1280,720,RazorBilledCurassow,506,194,855,485
003Razor Billed Curassow Mitu tuberoso11.66.jpg,1280,720,Spiny Rat,951,502,961,495
003Razor Billed Curassow Mitu tuberoso11.66.jpg,1280,720,Agouti,300,220,361,342
003Razor Billed Curassow Mitu tuberoso11.67.jpg,1280,720,RazorBilledCurassow,503,195,850,486
003Razor Billed Curassow Mitu tuberoso11.67.jpg,1280,720,Spiny Rat,951,502,961,496
003Razor Billed Curassow Mitu tuberoso11.67.jpg,1280,720,Agouti,300,220,361,342
003Razor Billed Curassow Mitu tuberoso11.68.jpg,1280,720,RazorBilledCurassow,502,195,845,486
003Razor Billed Curassow Mitu tuberoso11.68.jpg,1280,720,Spiny Rat,951,502,962,497
003Razor Billed Curassow Mitu tuberoso11.68.jpg,1280,720,Agouti,300,220,361,342
003Razor Billed Curassow Mitu tuberoso11.69.jpg,1280,720,RazorBilledCurassow,482,201,836,486
003Razor Billed Curassow Mitu tuberoso11.69.jpg,1280,720,Spiny Rat,951,502,963,498
003Razor Billed Curassow Mitu tuberoso11.69.jpg,1280,720,Agouti,300,220,361,342
003Razor Billed Curassow Mitu tuberoso11.70.jpg,1280,720,RazorBilledCurassow,476,201,829,487
003Razor Billed Curassow Mitu tuberoso11.70.jpg,1280,720,Spiny Rat,951,502,965,500
003Razor Billed Curassow Mitu tuberoso11.70.jpg,1280,720,Agouti,300,220,361,342
003Razor Billed Curassow Mitu tuberoso11.71.jpg,1280,720,RazorBilledCurassow,471,201,825,488
003Razor Billed Curassow Mitu tuberoso11.71.jpg,1280,720,Spiny Rat,951,502,967,502
003Razor Billed Curassow Mitu tuberoso11.71.jpg,1280,720,Agouti,300,220,361,342
003Razor Billed Curassow Mitu tuberoso11.72.jpg,1280,720,RazorBilledCurassow,471,202,823,489
003Razor Billed Curassow Mitu tuberoso11.72.jpg,1280,720,Spiny Rat,951,502,968,502
003Razor Billed Curassow Mitu tuberoso11.72.jpg,1280,720,Agouti,300,220,361,342
003Razor Billed Curassow Mitu tuberoso11.73.jpg,1280,720,RazorBilledCurassow,467,203,822,489
003Razor Billed Curassow Mitu tuberoso11.73.jpg,1280,720,Spiny Rat,951,502,969,503
003Razor Billed Curassow Mitu tuberoso11.73.jpg,1280,720,Agouti,300,220,361,342
003Razor Billed Curassow Mitu tuberoso11.74.jpg,1280,720,RazorBilledCurassow,457,205,815,490
003Razor Billed Curassow Mitu tuberoso11.74.jpg,1280,720,Spiny Rat,951,502,970,503
003Razor Billed Curassow Mitu tuberoso11.74.jpg,1280,720,Agouti,300,220,361,342
003Razor Billed Curassow Mitu tuberoso11.75.jpg,1280,720,RazorBilledCurassow,443,210,811,490
003Razor Billed Curassow Mitu tuberoso11.75.jpg,1280,720,Spiny Rat,951,502,970,504
003Razor Billed Curassow Mitu tuberoso11.75.jpg,1280,720,Agouti,300,220,361,342
003Razor Billed Curassow Mitu tuberoso11.76.jpg,1280,720,RazorBilledCurassow,426,218,808,490
003Razor Billed Curassow Mitu tuberoso11.76.jpg,1280,720,Spiny Rat,951,502,972,504
003Razor Billed Curassow Mitu tuberoso11.76.jpg,1280,720,Agouti,300,220,361,342
003Razor Billed Curassow Mitu tuberoso11.77.jpg,1280,720,RazorBilledCurassow,426,218,807,490
003Razor Billed Curassow Mitu tuberoso11.77.jpg,1280,720,Spiny Rat,951,502,973,505
003Razor Billed Curassow Mitu tuberoso11.77.jpg,1280,720,Agouti,300,220,361,342
003Razor Billed Curassow Mitu tuberoso11.78.jpg,1280,720,RazorBilledCurassow,426,218,801,490
003Razor Billed Curassow Mitu tuberoso11.78.jpg,1280,720,Spiny Rat,951,502,973,505
003Razor Billed Curassow Mitu tuberoso11.78.jpg,1280,720,Agouti,300,220,361,342
003Razor Billed Curassow Mitu tuberoso11.79.jpg,1280,720,RazorBilledCurassow,420,218,801,490
003Razor Billed Curassow Mitu tuberoso11.79.jpg,1280,720,Spiny Rat,951,502,974,506
003Razor Billed Curassow Mitu tuberoso11.79.jpg,1280,720,Agouti,300,220,361,342
003Razor Billed Curassow Mitu tuberoso11.80.jpg,1280,720,RazorBilledCurassow,402,218,801,490
003Razor Billed Curassow Mitu tuberoso11.80.jpg,1280,720,Spiny Rat,951,502,976,507
003Razor Billed Curassow Mitu tuberoso11.80.jpg,1280,720,Agouti,300,220,361,342
003Razor Billed Curassow Mitu tuberoso11.81.jpg,1280,720,RazorBilledCurassow,388,218,801,490
003Razor Billed Curassow Mitu tuberoso11.81.jpg,1280,720,Spiny Rat,951,502,976,507
003Razor Billed Curassow Mitu tuberoso11.81.jpg,1280,720,Agouti,300,220,361,342
003Razor Billed Curassow Mitu tuberoso11.82.jpg,1280,720,RazorBilledCurassow,388,218,797,490
003Razor Billed Curassow Mitu tuberoso11.82.jpg,1280,720,Spiny Rat,951,502,976,507
003Razor Billed Curassow Mitu tuberoso11.82.jpg,1280,720,Agouti,300,220,361,342
003Razor Billed Curassow Mitu tuberoso11.83.jpg,1280,720,RazorBilledCurassow,388,218,797,490
003Razor Billed Curassow Mitu tuberoso11.83.jpg,1280,720,Spiny Rat,951,502,976,507
003Razor Billed Curassow Mitu tuberoso11.83.jpg,1280,720,Agouti,300,220,361,342
003Razor Billed Curassow Mitu tuberoso11.84.jpg,1280,720,RazorBilledCurassow,388,218,794,490
003Razor Billed Curassow Mitu tuberoso11.84.jpg,1280,720,Spiny Rat,951,502,976,507
003Razor Billed Curassow Mitu tuberoso11.84.jpg,1280,720,Agouti,300,220,361,342
003Razor Billed Curassow Mitu tuberoso11.85.jpg,1280,720,RazorBilledCurassow,382,218,789,490
003Razor Billed Curassow Mitu tuberoso11.85.jpg,1280,720,Spiny Rat,951,502,977,507
003Razor Billed Curassow Mitu tuberoso11.85.jpg,1280,720,Agouti,300,220,361,342
003Razor Billed Curassow Mitu tuberoso11.86.jpg,1280,720,RazorBilledCurassow,373,217,782,490
003Razor Billed Curassow Mitu tuberoso11.86.jpg,1280,720,Spiny Rat,951,502,977,506
003Razor Billed Curassow Mitu tuberoso11.86.jpg,1280,720,Agouti,300,220,361,342
003Razor Billed Curassow Mitu tuberoso11.87.jpg,1280,720,RazorBilledCurassow,362,217,779,490
003Razor Billed Curassow Mitu tuberoso11.87.jpg,1280,720,Spiny Rat,951,502,977,505
003Razor Billed Curassow Mitu tuberoso11.87.jpg,1280,720,Agouti,300,220,361,342
003Razor Billed Curassow Mitu tuberoso11.88.jpg,1280,720,RazorBilledCurassow,353,217,777,490
003Razor Billed Curassow Mitu tuberoso11.88.jpg,1280,720,Spiny Rat,951,502,977,504
003Razor Billed Curassow Mitu tuberoso11.88.jpg,1280,720,Agouti,300,220,361,342
003Razor Billed Curassow Mitu tuberoso11.89.jpg,1280,720,RazorBilledCurassow,343,216,775,490
003Razor Billed Curassow Mitu tuberoso11.89.jpg,1280,720,Spiny Rat,951,502,975,504
003Razor Billed Curassow Mitu tuberoso11.89.jpg,1280,720,Agouti,300,220,361,342
003Razor Billed Curassow Mitu tuberoso11.90.jpg,1280,720,RazorBilledCurassow,341,216,769,491
003Razor Billed Curassow Mitu tuberoso11.90.jpg,1280,720,Spiny Rat,951,502,973,503
003Razor Billed Curassow Mitu tuberoso11.90.jpg,1280,720,Agouti,300,220,361,342
003Razor Billed Curassow Mitu tuberoso11.91.jpg,1280,720,RazorBilledCurassow,341,216,764,492
003Razor Billed Curassow Mitu tuberoso11.91.jpg,1280,720,Spiny Rat,951,502,971,502
003Razor Billed Curassow Mitu tuberoso11.91.jpg,1280,720,Agouti,300,220,361,342
003Razor Billed Curassow Mitu tuberoso11.92.jpg,1280,720,RazorBilledCurassow,341,216,756,492
003Razor Billed Curassow Mitu tuberoso11.92.jpg,1280,720,Spiny Rat,951,502,970,501
003Razor Billed Curassow Mitu tuberoso11.92.jpg,1280,720,Agouti,300,220,361,342
003Razor Billed Curassow Mitu tuberoso11.93.jpg,1280,720,RazorBilledCurassow,334,215,754,492
003Razor Billed Curassow Mitu tuberoso11.93.jpg,1280,720,Spiny Rat,951,502,970,501
003Razor Billed Curassow Mitu tuberoso11.93.jpg,1280,720,Agouti,300,220,361,342
003Razor Billed Curassow Mitu tuberoso11.94.jpg,1280,720,RazorBilledCurassow,332,214,750,493
003Razor Billed Curassow Mitu tuberoso11.94.jpg,1280,720,Spiny Rat,951,502,970,498
003Razor Billed Curassow Mitu tuberoso11.94.jpg,1280,720,Agouti,300,220,361,342
003Razor Billed Curassow Mitu tuberoso11.95.jpg,1280,720,RazorBilledCurassow,322,213,745,494
003Razor Billed Curassow Mitu tuberoso11.95.jpg,1280,720,Spiny Rat,951,502,970,498
003Razor Billed Curassow Mitu tuberoso11.95.jpg,1280,720,Agouti,300,220,361,342
003Razor Billed Curassow Mitu tuberoso11.96.jpg,1280,720,RazorBilledCurassow,321,212,743,494
003Razor Billed Curassow Mitu tuberoso11.96.jpg,1280,720,Spiny Rat,951,502,970,498
003Razor Billed Curassow Mitu tuberoso11.96.jpg,1280,720,Agouti,300,220,361,342
003Razor Billed Curassow Mitu tuberoso11.97.jpg,1280,720,RazorBilledCurassow,321,212,743,494
003Razor Billed Curassow Mitu tuberoso11.97.jpg,1280,720,Spiny Rat,951,502,970,498
003Razor Billed Curassow Mitu tuberoso11.97.jpg,1280,720,Agouti,300,220,361,342
003Razor Billed Curassow Mitu tuberoso11.98.jpg,1280,720,RazorBilledCurassow,321,212,743,494
003Razor Billed Curassow Mitu tuberoso11.98.jpg,1280,720,Spiny Rat,951,502,968,494
003Razor Billed Curassow Mitu tuberoso11.98.jpg,1280,720,Agouti,300,220,361,342
003Razor Billed Curassow Mitu tuberoso11.99.jpg,1280,720,RazorBilledCurassow,320,212,743,494
003Razor Billed Curassow Mitu tuberoso11.99.jpg,1280,720,Spiny Rat,951,502,968,494
003Razor Billed Curassow Mitu tuberoso11.99.jpg,1280,720,Agouti,300,220,361,342
003Razor Billed Curassow Mitu tuberoso11.100.jpg,1280,720,RazorBilledCurassow,291,208,738,494
003Razor Billed Curassow Mitu tuberoso11.100.jpg,1280,720,Spiny Rat,951,502,968,494
003Razor Billed Curassow Mitu tuberoso11.100.jpg,1280,720,Agouti,300,220,361,342
003Razor Billed Curassow Mitu tuberoso11.101.jpg,1280,720,RazorBilledCurassow,285,208,720,494
003Razor Billed Curassow Mitu tuberoso11.101.jpg,1280,720,Spiny Rat,951,502,967,494
003Razor Billed Curassow Mitu tuberoso11.101.jpg,1280,720,Agouti,300,220,361,342
003Razor Billed Curassow Mitu tuberoso11.102.jpg,1280,720,RazorBilledCurassow,284,208,708,494
003Razor Billed Curassow Mitu tuberoso11.102.jpg,1280,720,Spiny Rat,951,502,967,494
003Razor Billed Curassow Mitu tuberoso11.102.jpg,1280,720,Agouti,300,220,361,342
003Razor Billed Curassow Mitu tuberoso11.103.jpg,1280,720,RazorBilledCurassow,284,208,708,494
003Razor Billed Curassow Mitu tuberoso11.103.jpg,1280,720,Spiny Rat,951,502,967,494
003Razor Billed Curassow Mitu tuberoso11.103.jpg,1280,720,Agouti,300,220,361,342
003Razor Billed Curassow Mitu tuberoso11.104.jpg,1280,720,RazorBilledCurassow,284,208,702,494
003Razor Billed Curassow Mitu tuberoso11.104.jpg,1280,720,Spiny Rat,951,502,967,494
003Razor Billed Curassow Mitu tuberoso11.104.jpg,1280,720,Agouti,300,220,361,342
003Razor Billed Curassow Mitu tuberoso11.105.jpg,1280,720,RazorBilledCurassow,274,207,690,493
003Razor Billed Curassow Mitu tuberoso11.105.jpg,1280,720,Spiny Rat,951,502,967,494
003Razor Billed Curassow Mitu tuberoso11.105.jpg,1280,720,Agouti,300,220,361,342
003Razor Billed Curassow Mitu tuberoso11.106.jpg,1280,720,RazorBilledCurassow,272,207,672,493
003Razor Billed Curassow Mitu tuberoso11.106.jpg,1280,720,Spiny Rat,951,502,967,494
003Razor Billed Curassow Mitu tuberoso11.106.jpg,1280,720,Agouti,300,220,361,342
003Razor Billed Curassow Mitu tuberoso11.107.jpg,1280,720,RazorBilledCurassow,266,205,667,493
003Razor Billed Curassow Mitu tuberoso11.107.jpg,1280,720,Spiny Rat,951,502,967,494
003Razor Billed Curassow Mitu tuberoso11.107.jpg,1280,720,Agouti,300,220,361,342
003Razor Billed Curassow Mitu tuberoso11.108.jpg,1280,720,RazorBilledCurassow,261,205,658,492
003Razor Billed Curassow Mitu tuberoso11.108.jpg,1280,720,Spiny Rat,951,502,967,494
003Razor Billed Curassow Mitu tuberoso11.108.jpg,1280,720,Agouti,300,220,361,342
003Razor Billed Curassow Mitu tuberoso11.109.jpg,1280,720,RazorBilledCurassow,260,205,657,491
003Razor Billed Curassow Mitu tuberoso11.109.jpg,1280,720,Spiny Rat,951,502,967,494
003Razor Billed Curassow Mitu tuberoso11.109.jpg,1280,720,Agouti,300,220,361,342
003Razor Billed Curassow Mitu tuberoso11.110.jpg,1280,720,RazorBilledCurassow,260,205,649,491
003Razor Billed Curassow Mitu tuberoso11.110.jpg,1280,720,Spiny Rat,951,502,967,494
003Razor Billed Curassow Mitu tuberoso11.110.jpg,1280,720,Agouti,300,220,361,342
003Razor Billed Curassow Mitu tuberoso11.111.jpg,1280,720,RazorBilledCurassow,255,205,647,491
003Razor Billed Curassow Mitu tuberoso11.111.jpg,1280,720,Spiny Rat,951,502,967,494
003Razor Billed Curassow Mitu tuberoso11.111.jpg,1280,720,Agouti,300,220,361,342
003Razor Billed Curassow Mitu tuberoso11.112.jpg,1280,720,RazorBilledCurassow,250,205,645,491
003Razor Billed Curassow Mitu tuberoso11.112.jpg,1280,720,Spiny Rat,951,502,965,494
003Razor Billed Curassow Mitu tuberoso11.112.jpg,1280,720,Agouti,300,220,361,342
003Razor Billed Curassow Mitu tuberoso11.113.jpg,1280,720,RazorBilledCurassow,247,205,639,492
003Razor Billed Curassow Mitu tuberoso11.113.jpg,1280,720,Spiny Rat,951,502,964,494
003Razor Billed Curassow Mitu tuberoso11.113.jpg,1280,720,Agouti,300,220,361,342
003Razor Billed Curassow Mitu tuberoso11.114.jpg,1280,720,RazorBilledCurassow,245,205,630,496
003Razor Billed Curassow Mitu tuberoso11.114.jpg,1280,720,Spiny Rat,951,502,964,494
003Razor Billed Curassow Mitu tuberoso11.114.jpg,1280,720,Agouti,300,220,361,342
003Razor Billed Curassow Mitu tuberoso11.115.jpg,1280,720,RazorBilledCurassow,237,207,626,498
003Razor Billed Curassow Mitu tuberoso11.115.jpg,1280,720,Spiny Rat,951,502,964,494
003Razor Billed Curassow Mitu tuberoso11.115.jpg,1280,720,Agouti,300,220,361,342
003Razor Billed Curassow Mitu tuberoso11.116.jpg,1280,720,RazorBilledCurassow,232,207,624,498
003Razor Billed Curassow Mitu tuberoso11.116.jpg,1280,720,Spiny Rat,951,502,964,494
003Razor Billed Curassow Mitu tuberoso11.116.jpg,1280,720,Agouti,300,220,361,342
003Razor Billed Curassow Mitu tuberoso11.117.jpg,1280,720,RazorBilledCurassow,229,208,624,498
003Razor Billed Curassow Mitu tuberoso11.117.jpg,1280,720,Spiny Rat,951,502,964,494
003Razor Billed Curassow Mitu tuberoso11.117.jpg,1280,720,Agouti,300,220,361,342
003Razor Billed Curassow Mitu tuberoso11.118.jpg,1280,720,RazorBilledCurassow,229,208,620,499
003Razor Billed Curassow Mitu tuberoso11.118.jpg,1280,720,Spiny Rat,951,502,964,494
003Razor Billed Curassow Mitu tuberoso11.118.jpg,1280,720,Agouti,300,220,361,342
003Razor Billed Curassow Mitu tuberoso11.119.jpg,1280,720,RazorBilledCurassow,225,210,616,500
003Razor Billed Curassow Mitu tuberoso11.119.jpg,1280,720,Spiny Rat,951,502,964,494
003Razor Billed Curassow Mitu tuberoso11.119.jpg,1280,720,Agouti,300,220,361,342
003Razor Billed Curassow Mitu tuberoso11.120.jpg,1280,720,RazorBilledCurassow,223,211,608,503
003Razor Billed Curassow Mitu tuberoso11.120.jpg,1280,720,Spiny Rat,951,502,964,494
003Razor Billed Curassow Mitu tuberoso11.120.jpg,1280,720,Agouti,300,220,361,342
003Razor Billed Curassow Mitu tuberoso11.121.jpg,1280,720,RazorBilledCurassow,222,212,603,504
003Razor Billed Curassow Mitu tuberoso11.121.jpg,1280,720,Spiny Rat,951,502,964,494
003Razor Billed Curassow Mitu tuberoso11.121.jpg,1280,720,Agouti,300,220,361,342
003Razor Billed Curassow Mitu tuberoso11.122.jpg,1280,720,RazorBilledCurassow,221,212,601,504
003Razor Billed Curassow Mitu tuberoso11.122.jpg,1280,720,Spiny Rat,951,502,964,494
003Razor Billed Curassow Mitu tuberoso11.122.jpg,1280,720,Agouti,300,220,361,342
003Razor Billed Curassow Mitu tuberoso11.123.jpg,1280,720,RazorBilledCurassow,214,214,597,505
003Razor Billed Curassow Mitu tuberoso11.123.jpg,1280,720,Spiny Rat,951,502,964,494
003Razor Billed Curassow Mitu tuberoso11.123.jpg,1280,720,Agouti,300,220,361,342
003Razor Billed Curassow Mitu tuberoso11.124.jpg,1280,720,RazorBilledCurassow,211,216,585,506
003Razor Billed Curassow Mitu tuberoso11.124.jpg,1280,720,Spiny Rat,951,502,964,496
003Razor Billed Curassow Mitu tuberoso11.124.jpg,1280,720,Agouti,300,220,361,342
003Razor Billed Curassow Mitu tuberoso11.125.jpg,1280,720,RazorBilledCurassow,210,216,573,506
003Razor Billed Curassow Mitu tuberoso11.125.jpg,1280,720,Spiny Rat,951,502,964,497
003Razor Billed Curassow Mitu tuberoso11.125.jpg,1280,720,Agouti,300,220,361,342
003Razor Billed Curassow Mitu tuberoso11.126.jpg,1280,720,RazorBilledCurassow,209,217,573,506
003Razor Billed Curassow Mitu tuberoso11.126.jpg,1280,720,Spiny Rat,951,502,964,497
003Razor Billed Curassow Mitu tuberoso11.126.jpg,1280,720,Agouti,300,220,361,342
003Razor Billed Curassow Mitu tuberoso11.127.jpg,1280,720,RazorBilledCurassow,205,218,565,507
003Razor Billed Curassow Mitu tuberoso11.127.jpg,1280,720,Spiny Rat,951,502,964,498
003Razor Billed Curassow Mitu tuberoso11.127.jpg,1280,720,Agouti,300,220,361,342
003Razor Billed Curassow Mitu tuberoso11.128.jpg,1280,720,RazorBilledCurassow,198,220,548,506
003Razor Billed Curassow Mitu tuberoso11.128.jpg,1280,720,Spiny Rat,951,502,965,499
003Razor Billed Curassow Mitu tuberoso11.128.jpg,1280,720,Agouti,300,220,361,342
003Razor Billed Curassow Mitu tuberoso11.129.jpg,1280,720,RazorBilledCurassow,196,220,541,506
003Razor Billed Curassow Mitu tuberoso11.129.jpg,1280,720,Spiny Rat,951,502,966,501
003Razor Billed Curassow Mitu tuberoso11.129.jpg,1280,720,Agouti,300,220,361,342
003Razor Billed Curassow Mitu tuberoso11.130.jpg,1280,720,RazorBilledCurassow,195,220,539,505
003Razor Billed Curassow Mitu tuberoso11.130.jpg,1280,720,Spiny Rat,951,502,967,502
003Razor Billed Curassow Mitu tuberoso11.130.jpg,1280,720,Agouti,300,220,361,342
003Razor Billed Curassow Mitu tuberoso11.131.jpg,1280,720,RazorBilledCurassow,194,220,537,505
003Razor Billed Curassow Mitu tuberoso11.131.jpg,1280,720,Spiny Rat,951,502,968,503
003Razor Billed Curassow Mitu tuberoso11.131.jpg,1280,720,Agouti,300,220,361,342
003Razor Billed Curassow Mitu tuberoso11.132.jpg,1280,720,RazorBilledCurassow,191,220,533,505
003Razor Billed Curassow Mitu tuberoso11.132.jpg,1280,720,Spiny Rat,951,502,969,504
003Razor Billed Curassow Mitu tuberoso11.132.jpg,1280,720,Agouti,300,220,361,342
003Razor Billed Curassow Mitu tuberoso11.133.jpg,1280,720,RazorBilledCurassow,189,220,521,504
003Razor Billed Curassow Mitu tuberoso11.133.jpg,1280,720,Agouti,300,220,361,342
003Razor Billed Curassow Mitu tuberoso11.134.jpg,1280,720,RazorBilledCurassow,186,220,515,504
003Razor Billed Curassow Mitu tuberoso11.134.jpg,1280,720,Agouti,300,220,361,342
003Razor Billed Curassow Mitu tuberoso11.135.jpg,1280,720,RazorBilledCurassow,185,219,509,504
003Razor Billed Curassow Mitu tuberoso11.135.jpg,1280,720,Agouti,300,220,361,342
003Razor Billed Curassow Mitu tuberoso11.136.jpg,1280,720,RazorBilledCurassow,182,219,507,504
003Razor Billed Curassow Mitu tuberoso11.136.jpg,1280,720,Agouti,300,220,361,342
003Razor Billed Curassow Mitu tuberoso11.137.jpg,1280,720,RazorBilledCurassow,180,218,500,504
003Razor Billed Curassow Mitu tuberoso11.137.jpg,1280,720,Agouti,300,220,361,342
003Razor Billed Curassow Mitu tuberoso11.138.jpg,1280,720,RazorBilledCurassow,178,217,496,504
003Razor Billed Curassow Mitu tuberoso11.138.jpg,1280,720,Agouti,300,220,361,342
003Razor Billed Curassow Mitu tuberoso11.139.jpg,1280,720,RazorBilledCurassow,178,217,487,503
003Razor Billed Curassow Mitu tuberoso11.139.jpg,1280,720,Agouti,300,220,361,342
003Razor Billed Curassow Mitu tuberoso11.140.jpg,1280,720,RazorBilledCurassow,177,217,474,500
003Razor Billed Curassow Mitu tuberoso11.140.jpg,1280,720,Agouti,300,220,361,342
003Razor Billed Curassow Mitu tuberoso11.141.jpg,1280,720,RazorBilledCurassow,177,216,473,500
003Razor Billed Curassow Mitu tuberoso11.141.jpg,1280,720,Agouti,300,220,361,342
003Razor Billed Curassow Mitu tuberoso11.142.jpg,1280,720,RazorBilledCurassow,175,216,469,499
003Razor Billed Curassow Mitu tuberoso11.142.jpg,1280,720,Agouti,300,220,361,342
003Razor Billed Curassow Mitu tuberoso11.143.jpg,1280,720,RazorBilledCurassow,165,214,463,496
003Razor Billed Curassow Mitu tuberoso11.143.jpg,1280,720,Agouti,300,220,361,342
003Razor Billed Curassow Mitu tuberoso11.144.jpg,1280,720,RazorBilledCurassow,162,213,457,493
003Razor Billed Curassow Mitu tuberoso11.144.jpg,1280,720,Agouti,300,220,361,342
003Razor Billed Curassow Mitu tuberoso11.145.jpg,1280,720,RazorBilledCurassow,161,212,454,492
003Razor Billed Curassow Mitu tuberoso11.145.jpg,1280,720,Agouti,300,220,361,342
003Razor Billed Curassow Mitu tuberoso11.146.jpg,1280,720,RazorBilledCurassow,161,212,447,488
003Razor Billed Curassow Mitu tuberoso11.146.jpg,1280,720,Agouti,300,220,361,342
003Razor Billed Curassow Mitu tuberoso11.147.jpg,1280,720,RazorBilledCurassow,160,212,439,483
003Razor Billed Curassow Mitu tuberoso11.147.jpg,1280,720,Agouti,300,220,361,342
003Razor Billed Curassow Mitu tuberoso11.148.jpg,1280,720,RazorBilledCurassow,159,211,433,480
003Razor Billed Curassow Mitu tuberoso11.148.jpg,1280,720,Agouti,300,220,361,342
003Razor Billed Curassow Mitu tuberoso11.149.jpg,1280,720,RazorBilledCurassow,158,211,426,477
003Razor Billed Curassow Mitu tuberoso11.149.jpg,1280,720,Agouti,300,220,361,342
003Razor Billed Curassow Mitu tuberoso11.150.jpg,1280,720,RazorBilledCurassow,158,210,423,476
003Razor Billed Curassow Mitu tuberoso11.150.jpg,1280,720,Agouti,300,220,361,342
003Razor Billed Curassow Mitu tuberoso11.151.jpg,1280,720,RazorBilledCurassow,158,206,416,475
003Razor Billed Curassow Mitu tuberoso11.151.jpg,1280,720,Agouti,300,220,361,342
003Razor Billed Curassow Mitu tuberoso11.152.jpg,1280,720,RazorBilledCurassow,158,202,413,475
003Razor Billed Curassow Mitu tuberoso11.152.jpg,1280,720,Agouti,300,220,361,342
003Razor Billed Curassow Mitu tuberoso11.153.jpg,1280,720,RazorBilledCurassow,158,202,409,474
003Razor Billed Curassow Mitu tuberoso11.153.jpg,1280,720,Agouti,300,220,361,342
003Razor Billed Curassow Mitu tuberoso11.154.jpg,1280,720,RazorBilledCurassow,158,202,403,474
003Razor Billed Curassow Mitu tuberoso11.154.jpg,1280,720,Agouti,300,220,361,342
003Razor Billed Curassow Mitu tuberoso11.155.jpg,1280,720,RazorBilledCurassow,158,202,399,474
003Razor Billed Curassow Mitu tuberoso11.155.jpg,1280,720,Agouti,300,220,361,342
003Razor Billed Curassow Mitu tuberoso11.156.jpg,1280,720,RazorBilledCurassow,158,202,398,473
003Razor Billed Curassow Mitu tuberoso11.156.jpg,1280,720,Agouti,300,220,361,342
003Razor Billed Curassow Mitu tuberoso11.157.jpg,1280,720,RazorBilledCurassow,158,202,396,473
003Razor Billed Curassow Mitu tuberoso11.157.jpg,1280,720,Agouti,300,220,361,342
003Razor Billed Curassow Mitu tuberoso11.158.jpg,1280,720,RazorBilledCurassow,158,202,396,473
003Razor Billed Curassow Mitu tuberoso11.158.jpg,1280,720,Agouti,300,220,361,342
003Razor Billed Curassow Mitu tuberoso11.159.jpg,1280,720,RazorBilledCurassow,158,202,394,473
003Razor Billed Curassow Mitu tuberoso11.159.jpg,1280,720,Agouti,300,220,361,342
003Razor Billed Curassow Mitu tuberoso11.160.jpg,1280,720,RazorBilledCurassow,158,202,393,473
003Razor Billed Curassow Mitu tuberoso11.160.jpg,1280,720,Agouti,300,220,361,342
003Razor Billed Curassow Mitu tuberoso11.161.jpg,1280,720,RazorBilledCurassow,158,202,392,473
003Razor Billed Curassow Mitu tuberoso11.161.jpg,1280,720,Agouti,300,220,361,342
003Razor Billed Curassow Mitu tuberoso11.162.jpg,1280,720,RazorBilledCurassow,158,202,392,473
003Razor Billed Curassow Mitu tuberoso11.162.jpg,1280,720,Agouti,300,220,361,342
003Razor Billed Curassow Mitu tuberoso11.163.jpg,1280,720,RazorBilledCurassow,158,202,386,472
003Razor Billed Curassow Mitu tuberoso11.163.jpg,1280,720,Agouti,300,220,361,342
003Razor Billed Curassow Mitu tuberoso11.164.jpg,1280,720,RazorBilledCurassow,158,202,381,472
003Razor Billed Curassow Mitu tuberoso11.164.jpg,1280,720,Agouti,300,220,361,342
003Razor Billed Curassow Mitu tuberoso11.165.jpg,1280,720,RazorBilledCurassow,158,202,381,472
003Razor Billed Curassow Mitu tuberoso11.165.jpg,1280,720,Agouti,300,220,361,342
003Razor Billed Curassow Mitu tuberoso11.166.jpg,1280,720,RazorBilledCurassow,158,202,381,472
003Razor Billed Curassow Mitu tuberoso11.166.jpg,1280,720,Agouti,300,220,361,342
003Razor Billed Curassow Mitu tuberoso11.167.jpg,1280,720,RazorBilledCurassow,158,202,381,472
003Razor Billed Curassow Mitu tuberoso11.167.jpg,1280,720,Agouti,300,220,361,342
003Razor Billed Curassow Mitu tuberoso11.168.jpg,1280,720,RazorBilledCurassow,158,202,381,472
003Razor Billed Curassow Mitu tuberoso11.168.jpg,1280,720,Agouti,300,220,361,342
003Razor Billed Curassow Mitu tuberoso11.169.jpg,1280,720,RazorBilledCurassow,158,202,377,472
003Razor Billed Curassow Mitu tuberoso11.169.jpg,1280,720,Agouti,300,220,361,342
003Razor Billed Curassow Mitu tuberoso11.170.jpg,1280,720,RazorBilledCurassow,158,202,374,472
003Razor Billed Curassow Mitu tuberoso11.170.jpg,1280,720,Agouti,300,220,361,342
003Razor Billed Curassow Mitu tuberoso11.171.jpg,1280,720,RazorBilledCurassow,158,202,372,472
003Razor Billed Curassow Mitu tuberoso11.171.jpg,1280,720,Agouti,300,220,361,342
003Razor Billed Curassow Mitu tuberoso11.172.jpg,1280,720,RazorBilledCurassow,158,202,369,471
003Razor Billed Curassow Mitu tuberoso11.172.jpg,1280,720,Agouti,300,220,361,342
003Razor Billed Curassow Mitu tuberoso11.173.jpg,1280,720,RazorBilledCurassow,158,202,364,471
003Razor Billed Curassow Mitu tuberoso11.173.jpg,1280,720,Agouti,300,220,361,342
003Razor Billed Curassow Mitu tuberoso11.174.jpg,1280,720,RazorBilledCurassow,157,199,361,471
003Razor Billed Curassow Mitu tuberoso11.174.jpg,1280,720,Agouti,300,220,361,342
003Razor Billed Curassow Mitu tuberoso11.175.jpg,1280,720,RazorBilledCurassow,156,196,361,471
003Razor Billed Curassow Mitu tuberoso11.175.jpg,1280,720,Agouti,300,220,361,342
003Razor Billed Curassow Mitu tuberoso11.176.jpg,1280,720,RazorBilledCurassow,156,193,360,471
003Razor Billed Curassow Mitu tuberoso11.176.jpg,1280,720,Agouti,300,220,361,342
003Razor Billed Curassow Mitu tuberoso11.177.jpg,1280,720,RazorBilledCurassow,156,192,358,471
003Razor Billed Curassow Mitu tuberoso11.177.jpg,1280,720,Agouti,300,220,361,342
003Razor Billed Curassow Mitu tuberoso11.178.jpg,1280,720,RazorBilledCurassow,156,192,354,471
003Razor Billed Curassow Mitu tuberoso11.178.jpg,1280,720,Agouti,300,220,361,342
003Razor Billed Curassow Mitu tuberoso11.179.jpg,1280,720,RazorBilledCurassow,156,192,347,471
003Razor Billed Curassow Mitu tuberoso11.179.jpg,1280,720,Agouti,300,220,361,342
003Razor Billed Curassow Mitu tuberoso11.180.jpg,1280,720,RazorBilledCurassow,156,192,344,470
003Razor Billed Curassow Mitu tuberoso11.180.jpg,1280,720,Agouti,300,220,361,342
003Razor Billed Curassow Mitu tuberoso11.181.jpg,1280,720,RazorBilledCurassow,156,192,340,469
003Razor Billed Curassow Mitu tuberoso11.181.jpg,1280,720,Spiny Rat,468,425,617,455
003Razor Billed Curassow Mitu tuberoso11.181.jpg,1280,720,Agouti,300,220,361,342
003Razor Billed Curassow Mitu tuberoso11.182.jpg,1280,720,RazorBilledCurassow,156,192,339,469
003Razor Billed Curassow Mitu tuberoso11.182.jpg,1280,720,Spiny Rat,468,425,618,455
003Razor Billed Curassow Mitu tuberoso11.182.jpg,1280,720,Agouti,300,220,361,342
003Razor Billed Curassow Mitu tuberoso11.183.jpg,1280,720,RazorBilledCurassow,156,192,339,469
003Razor Billed Curassow Mitu tuberoso11.183.jpg,1280,720,Spiny Rat,468,425,618,455
003Razor Billed Curassow Mitu tuberoso11.183.jpg,1280,720,Agouti,300,220,361,342
003Razor Billed Curassow Mitu tuberoso11.184.jpg,1280,720,RazorBilledCurassow,156,192,333,467
003Razor Billed Curassow Mitu tuberoso11.184.jpg,1280,720,Spiny Rat,468,425,618,455
003Razor Billed Curassow Mitu tuberoso11.184.jpg,1280,720,Agouti,300,220,361,342
003Razor Billed Curassow Mitu tuberoso11.185.jpg,1280,720,RazorBilledCurassow,156,192,326,464
003Razor Billed Curassow Mitu tuberoso11.185.jpg,1280,720,Spiny Rat,468,425,618,455
003Razor Billed Curassow Mitu tuberoso11.185.jpg,1280,720,Agouti,300,220,361,342
003Razor Billed Curassow Mitu tuberoso11.186.jpg,1280,720,RazorBilledCurassow,156,192,322,463
003Razor Billed Curassow Mitu tuberoso11.186.jpg,1280,720,Spiny Rat,468,425,618,455
003Razor Billed Curassow Mitu tuberoso11.186.jpg,1280,720,Agouti,300,220,361,342
003Razor Billed Curassow Mitu tuberoso11.187.jpg,1280,720,RazorBilledCurassow,156,192,322,463
003Razor Billed Curassow Mitu tuberoso11.187.jpg,1280,720,Spiny Rat,468,425,618,455
003Razor Billed Curassow Mitu tuberoso11.187.jpg,1280,720,Agouti,300,220,361,342
003Razor Billed Curassow Mitu tuberoso11.188.jpg,1280,720,RazorBilledCurassow,156,192,322,463
003Razor Billed Curassow Mitu tuberoso11.188.jpg,1280,720,Spiny Rat,468,425,618,455
003Razor Billed Curassow Mitu tuberoso11.188.jpg,1280,720,Agouti,300,220,361,342
003Razor Billed Curassow Mitu tuberoso11.189.jpg,1280,720,RazorBilledCurassow,156,192,322,463
003Razor Billed Curassow Mitu tuberoso11.189.jpg,1280,720,Spiny Rat,468,425,618,453
003Razor Billed Curassow Mitu tuberoso11.189.jpg,1280,720,Agouti,300,220,361,342
003Razor Billed Curassow Mitu tuberoso11.190.jpg,1280,720,RazorBilledCurassow,156,192,318,461
003Razor Billed Curassow Mitu tuberoso11.190.jpg,1280,720,Spiny Rat,468,425,616,451
003Razor Billed Curassow Mitu tuberoso11.190.jpg,1280,720,Agouti,300,220,361,342
003Razor Billed Curassow Mitu tuberoso11.191.jpg,1280,720,RazorBilledCurassow,156,192,316,460
003Razor Billed Curassow Mitu tuberoso11.191.jpg,1280,720,Spiny Rat,468,425,616,451
003Razor Billed Curassow Mitu tuberoso11.191.jpg,1280,720,Agouti,300,220,361,342
003Razor Billed Curassow Mitu tuberoso11.192.jpg,1280,720,RazorBilledCurassow,156,192,311,459
003Razor Billed Curassow Mitu tuberoso11.192.jpg,1280,720,Spiny Rat,468,425,616,451
003Razor Billed Curassow Mitu tuberoso11.192.jpg,1280,720,Agouti,300,220,361,342
003Razor Billed Curassow Mitu tuberoso11.193.jpg,1280,720,RazorBilledCurassow,156,192,311,459
003Razor Billed Curassow Mitu tuberoso11.193.jpg,1280,720,Spiny Rat,468,425,616,451
003Razor Billed Curassow Mitu tuberoso11.193.jpg,1280,720,Agouti,300,220,361,342
003Razor Billed Curassow Mitu tuberoso11.194.jpg,1280,720,RazorBilledCurassow,156,192,311,459
003Razor Billed Curassow Mitu tuberoso11.194.jpg,1280,720,Spiny Rat,468,425,616,451
003Razor Billed Curassow Mitu tuberoso11.194.jpg,1280,720,Agouti,300,220,361,342
003Razor Billed Curassow Mitu tuberoso11.195.jpg,1280,720,RazorBilledCurassow,156,192,311,459
003Razor Billed Curassow Mitu tuberoso11.195.jpg,1280,720,Spiny Rat,468,425,616,451
003Razor Billed Curassow Mitu tuberoso11.195.jpg,1280,720,Agouti,300,220,361,342
003Razor Billed Curassow Mitu tuberoso11.196.jpg,1280,720,RazorBilledCurassow,156,192,308,458
003Razor Billed Curassow Mitu tuberoso11.196.jpg,1280,720,Spiny Rat,468,425,616,451
003Razor Billed Curassow Mitu tuberoso11.196.jpg,1280,720,Agouti,300,220,361,342
003Razor Billed Curassow Mitu tuberoso11.197.jpg,1280,720,RazorBilledCurassow,156,192,307,458
003Razor Billed Curassow Mitu tuberoso11.197.jpg,1280,720,Spiny Rat,468,425,616,451
003Razor Billed Curassow Mitu tuberoso11.197.jpg,1280,720,Agouti,300,220,361,342
003Razor Billed Curassow Mitu tuberoso11.198.jpg,1280,720,RazorBilledCurassow,156,192,306,458
003Razor Billed Curassow Mitu tuberoso11.198.jpg,1280,720,Spiny Rat,468,425,616,451
003Razor Billed Curassow Mitu tuberoso11.198.jpg,1280,720,Agouti,300,220,361,342
003Razor Billed Curassow Mitu tuberoso11.199.jpg,1280,720,RazorBilledCurassow,156,192,303,458
003Razor Billed Curassow Mitu tuberoso11.199.jpg,1280,720,Spiny Rat,468,425,615,451
003Razor Billed Curassow Mitu tuberoso11.199.jpg,1280,720,Agouti,300,220,361,342
003Razor Billed Curassow Mitu tuberoso11.200.jpg,1280,720,RazorBilledCurassow,156,192,300,458
003Razor Billed Curassow Mitu tuberoso11.200.jpg,1280,720,Spiny Rat,468,425,615,451
003Razor Billed Curassow Mitu tuberoso11.200.jpg,1280,720,Agouti,300,220,361,342
003Razor Billed Curassow Mitu tuberoso11.201.jpg,1280,720,RazorBilledCurassow,156,192,297,458
003Razor Billed Curassow Mitu tuberoso11.201.jpg,1280,720,Spiny Rat,468,425,615,451
003Razor Billed Curassow Mitu tuberoso11.201.jpg,1280,720,Agouti,300,220,361,342
003Razor Billed Curassow Mitu tuberoso11.202.jpg,1280,720,RazorBilledCurassow,156,192,294,458
003Razor Billed Curassow Mitu tuberoso11.202.jpg,1280,720,Spiny Rat,468,425,615,451
003Razor Billed Curassow Mitu tuberoso11.202.jpg,1280,720,Agouti,300,220,361,342
003Razor Billed Curassow Mitu tuberoso11.203.jpg,1280,720,RazorBilledCurassow,156,192,285,458
003Razor Billed Curassow Mitu tuberoso11.203.jpg,1280,720,Spiny Rat,468,425,615,451
003Razor Billed Curassow Mitu tuberoso11.203.jpg,1280,720,Agouti,300,220,361,342
003Razor Billed Curassow Mitu tuberoso11.204.jpg,1280,720,RazorBilledCurassow,156,192,280,458
003Razor Billed Curassow Mitu tuberoso11.204.jpg,1280,720,Spiny Rat,468,425,615,451
003Razor Billed Curassow Mitu tuberoso11.204.jpg,1280,720,Agouti,300,220,361,342
003Razor Billed Curassow Mitu tuberoso11.205.jpg,1280,720,RazorBilledCurassow,156,192,274,459
003Razor Billed Curassow Mitu tuberoso11.205.jpg,1280,720,Spiny Rat,468,425,615,451
003Razor Billed Curassow Mitu tuberoso11.205.jpg,1280,720,Agouti,300,220,361,342
003Razor Billed Curassow Mitu tuberoso11.206.jpg,1280,720,RazorBilledCurassow,156,192,270,459
003Razor Billed Curassow Mitu tuberoso11.206.jpg,1280,720,Spiny Rat,468,425,615,451
003Razor Billed Curassow Mitu tuberoso11.206.jpg,1280,720,Agouti,300,220,361,342
003Razor Billed Curassow Mitu tuberoso11.207.jpg,1280,720,RazorBilledCurassow,156,192,262,460
003Razor Billed Curassow Mitu tuberoso11.207.jpg,1280,720,Spiny Rat,468,425,615,451
003Razor Billed Curassow Mitu tuberoso11.207.jpg,1280,720,Agouti,300,220,361,342
003Razor Billed Curassow Mitu tuberoso11.208.jpg,1280,720,RazorBilledCurassow,156,192,255,460
003Razor Billed Curassow Mitu tuberoso11.208.jpg,1280,720,Spiny Rat,468,425,615,451
003Razor Billed Curassow Mitu tuberoso11.208.jpg,1280,720,Agouti,300,220,361,342
003Razor Billed Curassow Mitu tuberoso11.209.jpg,1280,720,RazorBilledCurassow,156,192,253,460
003Razor Billed Curassow Mitu tuberoso11.209.jpg,1280,720,Spiny Rat,468,425,615,451
003Razor Billed Curassow Mitu tuberoso11.209.jpg,1280,720,Agouti,300,220,361,342
003Razor Billed Curassow Mitu tuberoso11.210.jpg,1280,720,RazorBilledCurassow,156,192,252,459
003Razor Billed Curassow Mitu tuberoso11.210.jpg,1280,720,Spiny Rat,468,425,615,451
003Razor Billed Curassow Mitu tuberoso11.210.jpg,1280,720,Agouti,300,220,361,342
003Razor Billed Curassow Mitu tuberoso11.211.jpg,1280,720,RazorBilledCurassow,156,192,247,458
003Razor Billed Curassow Mitu tuberoso11.211.jpg,1280,720,Spiny Rat,468,425,615,451
003Razor Billed Curassow Mitu tuberoso11.211.jpg,1280,720,Agouti,300,220,361,342
003Razor Billed Curassow Mitu tuberoso11.212.jpg,1280,720,RazorBilledCurassow,156,192,242,457
003Razor Billed Curassow Mitu tuberoso11.212.jpg,1280,720,Spiny Rat,468,425,615,451
003Razor Billed Curassow Mitu tuberoso11.212.jpg,1280,720,Agouti,300,220,361,342
003Razor Billed Curassow Mitu tuberoso11.213.jpg,1280,720,RazorBilledCurassow,156,192,235,452
003Razor Billed Curassow Mitu tuberoso11.213.jpg,1280,720,Spiny Rat,468,425,615,451
003Razor Billed Curassow Mitu tuberoso11.213.jpg,1280,720,Agouti,300,220,361,342
003Razor Billed Curassow Mitu tuberoso11.214.jpg,1280,720,RazorBilledCurassow,156,192,225,448
003Razor Billed Curassow Mitu tuberoso11.214.jpg,1280,720,Spiny Rat,468,425,615,451
003Razor Billed Curassow Mitu tuberoso11.214.jpg,1280,720,Agouti,300,220,361,342
003Razor Billed Curassow Mitu tuberoso11.215.jpg,1280,720,RazorBilledCurassow,156,192,224,448
003Razor Billed Curassow Mitu tuberoso11.215.jpg,1280,720,Spiny Rat,468,425,614,451
003Razor Billed Curassow Mitu tuberoso11.215.jpg,1280,720,Agouti,300,220,361,342
003Razor Billed Curassow Mitu tuberoso11.216.jpg,1280,720,RazorBilledCurassow,156,192,223,448
003Razor Billed Curassow Mitu tuberoso11.216.jpg,1280,720,Spiny Rat,468,425,612,451
003Razor Billed Curassow Mitu tuberoso11.216.jpg,1280,720,Agouti,300,220,361,342
003Razor Billed Curassow Mitu tuberoso11.217.jpg,1280,720,RazorBilledCurassow,156,192,217,447
003Razor Billed Curassow Mitu tuberoso11.217.jpg,1280,720,Spiny Rat,468,425,612,451
003Razor Billed Curassow Mitu tuberoso11.217.jpg,1280,720,Agouti,300,220,361,342
003Razor Billed Curassow Mitu tuberoso11.218.jpg,1280,720,RazorBilledCurassow,156,192,216,447
003Razor Billed Curassow Mitu tuberoso11.218.jpg,1280,720,Spiny Rat,468,425,610,451
003Razor Billed Curassow Mitu tuberoso11.218.jpg,1280,720,Agouti,300,220,361,342
003Razor Billed Curassow Mitu tuberoso11.219.jpg,1280,720,RazorBilledCurassow,156,192,211,446
003Razor Billed Curassow Mitu tuberoso11.219.jpg,1280,720,Spiny Rat,468,425,607,451
003Razor Billed Curassow Mitu tuberoso11.219.jpg,1280,720,Agouti,300,220,361,342
003Razor Billed Curassow Mitu tuberoso11.220.jpg,1280,720,RazorBilledCurassow,156,192,201,445
003Razor Billed Curassow Mitu tuberoso11.220.jpg,1280,720,Spiny Rat,468,425,601,451
003Razor Billed Curassow Mitu tuberoso11.220.jpg,1280,720,Agouti,300,220,361,342
003Razor Billed Curassow Mitu tuberoso11.221.jpg,1280,720,RazorBilledCurassow,156,192,197,445
003Razor Billed Curassow Mitu tuberoso11.221.jpg,1280,720,Spiny Rat,468,425,595,452
003Razor Billed Curassow Mitu tuberoso11.221.jpg,1280,720,Agouti,300,220,361,342
003Razor Billed Curassow Mitu tuberoso11.222.jpg,1280,720,RazorBilledCurassow,156,192,197,445
003Razor Billed Curassow Mitu tuberoso11.222.jpg,1280,720,Spiny Rat,468,425,595,453
003Razor Billed Curassow Mitu tuberoso11.222.jpg,1280,720,Agouti,300,220,361,342
003Razor Billed Curassow Mitu tuberoso11.223.jpg,1280,720,RazorBilledCurassow,156,192,197,445
003Razor Billed Curassow Mitu tuberoso11.223.jpg,1280,720,Spiny Rat,468,425,595,453
003Razor Billed Curassow Mitu tuberoso11.223.jpg,1280,720,Agouti,300,220,361,342
003Razor Billed Curassow Mitu tuberoso11.224.jpg,1280,720,RazorBilledCurassow,156,192,193,445
003Razor Billed Curassow Mitu tuberoso11.224.jpg,1280,720,Spiny Rat,468,425,594,453
003Razor Billed Curassow Mitu tuberoso11.224.jpg,1280,720,Agouti,300,220,361,342
003Razor Billed Curassow Mitu tuberoso11.225.jpg,1280,720,RazorBilledCurassow,156,192,189,444
003Razor Billed Curassow Mitu tuberoso11.225.jpg,1280,720,Spiny Rat,468,425,593,453
003Razor Billed Curassow Mitu tuberoso11.225.jpg,1280,720,Agouti,300,220,361,342
003Razor Billed Curassow Mitu tuberoso11.226.jpg,1280,720,RazorBilledCurassow,156,192,183,444
003Razor Billed Curassow Mitu tuberoso11.226.jpg,1280,720,Spiny Rat,468,425,590,453
003Razor Billed Curassow Mitu tuberoso11.226.jpg,1280,720,Agouti,300,220,361,342
003Razor Billed Curassow Mitu tuberoso11.227.jpg,1280,720,RazorBilledCurassow,156,192,183,444
003Razor Billed Curassow Mitu tuberoso11.227.jpg,1280,720,Spiny Rat,468,425,587,454
003Razor Billed Curassow Mitu tuberoso11.227.jpg,1280,720,Agouti,300,220,361,342
003Razor Billed Curassow Mitu tuberoso11.228.jpg,1280,720,RazorBilledCurassow,156,192,178,442
003Razor Billed Curassow Mitu tuberoso11.228.jpg,1280,720,Spiny Rat,468,425,586,454
003Razor Billed Curassow Mitu tuberoso11.228.jpg,1280,720,Agouti,300,220,361,342
003Razor Billed Curassow Mitu tuberoso11.229.jpg,1280,720,RazorBilledCurassow,156,192,178,442
003Razor Billed Curassow Mitu tuberoso11.229.jpg,1280,720,Spiny Rat,468,425,586,454
003Razor Billed Curassow Mitu tuberoso11.229.jpg,1280,720,Agouti,300,220,361,342
003Razor Billed Curassow Mitu tuberoso11.230.jpg,1280,720,RazorBilledCurassow,156,192,176,440
003Razor Billed Curassow Mitu tuberoso11.230.jpg,1280,720,Spiny Rat,468,425,586,454
003Razor Billed Curassow Mitu tuberoso11.230.jpg,1280,720,Agouti,300,220,361,342
003Razor Billed Curassow Mitu tuberoso11.231.jpg,1280,720,RazorBilledCurassow,156,192,172,437
003Razor Billed Curassow Mitu tuberoso11.231.jpg,1280,720,Spiny Rat,468,425,586,454
003Razor Billed Curassow Mitu tuberoso11.231.jpg,1280,720,Agouti,300,220,361,342
003Razor Billed Curassow Mitu tuberoso11.232.jpg,1280,720,RazorBilledCurassow,156,192,171,436
003Razor Billed Curassow Mitu tuberoso11.232.jpg,1280,720,Spiny Rat,468,425,586,454
003Razor Billed Curassow Mitu tuberoso11.232.jpg,1280,720,Agouti,300,220,361,342
003Razor Billed Curassow Mitu tuberoso11.233.jpg,1280,720,RazorBilledCurassow,156,192,168,434
003Razor Billed Curassow Mitu tuberoso11.233.jpg,1280,720,Spiny Rat,468,425,586,454
003Razor Billed Curassow Mitu tuberoso11.233.jpg,1280,720,Agouti,300,220,361,342
003Razor Billed Curassow Mitu tuberoso11.234.jpg,1280,720,RazorBilledCurassow,156,192,166,433
003Razor Billed Curassow Mitu tuberoso11.234.jpg,1280,720,Spiny Rat,468,425,583,455
003Razor Billed Curassow Mitu tuberoso11.234.jpg,1280,720,Agouti,300,220,361,342
003Razor Billed Curassow Mitu tuberoso11.235.jpg,1280,720,RazorBilledCurassow,156,192,165,431
003Razor Billed Curassow Mitu tuberoso11.235.jpg,1280,720,Spiny Rat,468,425,583,455
003Razor Billed Curassow Mitu tuberoso11.235.jpg,1280,720,Agouti,300,220,361,342
003Razor Billed Curassow Mitu tuberoso11.236.jpg,1280,720,RazorBilledCurassow,156,192,162,430
003Razor Billed Curassow Mitu tuberoso11.236.jpg,1280,720,Spiny Rat,468,425,583,455
003Razor Billed Curassow Mitu tuberoso11.236.jpg,1280,720,Agouti,300,220,361,342
003Razor Billed Curassow Mitu tuberoso11.237.jpg,1280,720,RazorBilledCurassow,156,192,159,428
003Razor Billed Curassow Mitu tuberoso11.237.jpg,1280,720,Spiny Rat,468,425,583,455
003Razor Billed Curassow Mitu tuberoso11.237.jpg,1280,720,Agouti,300,220,361,342
003Razor Billed Curassow Mitu tuberoso11.238.jpg,1280,720,RazorBilledCurassow,156,192,158,428
003Razor Billed Curassow Mitu tuberoso11.238.jpg,1280,720,Spiny Rat,468,425,583,455
003Razor Billed Curassow Mitu tuberoso11.238.jpg,1280,720,Agouti,300,220,361,342
003Razor Billed Curassow Mitu tuberoso11.239.jpg,1280,720,RazorBilledCurassow,156,192,158,428
003Razor Billed Curassow Mitu tuberoso11.239.jpg,1280,720,Spiny Rat,468,425,583,455
003Razor Billed Curassow Mitu tuberoso11.239.jpg,1280,720,Agouti,300,220,361,342
003Razor Billed Curassow Mitu tuberoso11.240.jpg,1280,720,RazorBilledCurassow,156,192,158,427
003Razor Billed Curassow Mitu tuberoso11.240.jpg,1280,720,Spiny Rat,468,425,583,455
003Razor Billed Curassow Mitu tuberoso11.240.jpg,1280,720,Agouti,300,220,361,342
003Razor Billed Curassow Mitu tuberoso11.241.jpg,1280,720,RazorBilledCurassow,156,192,158,427
003Razor Billed Curassow Mitu tuberoso11.241.jpg,1280,720,Spiny Rat,468,425,583,455
003Razor Billed Curassow Mitu tuberoso11.241.jpg,1280,720,Agouti,300,220,361,342
003Razor Billed Curassow Mitu tuberoso11.242.jpg,1280,720,RazorBilledCurassow,156,192,158,427
003Razor Billed Curassow Mitu tuberoso11.242.jpg,1280,720,Spiny Rat,468,425,584,455
003Razor Billed Curassow Mitu tuberoso11.242.jpg,1280,720,Agouti,300,220,361,342
003Razor Billed Curassow Mitu tuberoso11.243.jpg,1280,720,RazorBilledCurassow,156,192,158,427
003Razor Billed Curassow Mitu tuberoso11.243.jpg,1280,720,Spiny Rat,468,425,588,455
003Razor Billed Curassow Mitu tuberoso11.243.jpg,1280,720,Agouti,300,220,361,342
003Razor Billed Curassow Mitu tuberoso11.244.jpg,1280,720,RazorBilledCurassow,156,192,158,427
003Razor Billed Curassow Mitu tuberoso11.244.jpg,1280,720,Spiny Rat,468,425,594,455
003Razor Billed Curassow Mitu tuberoso11.244.jpg,1280,720,Agouti,300,220,361,342
003Razor Billed Curassow Mitu tuberoso11.245.jpg,1280,720,RazorBilledCurassow,156,192,158,427
003Razor Billed Curassow Mitu tuberoso11.245.jpg,1280,720,Spiny Rat,468,425,600,453
003Razor Billed Curassow Mitu tuberoso11.245.jpg,1280,720,Agouti,300,220,361,342
003Razor Billed Curassow Mitu tuberoso11.246.jpg,1280,720,RazorBilledCurassow,156,192,158,427
003Razor Billed Curassow Mitu tuberoso11.246.jpg,1280,720,Spiny Rat,468,425,604,452
003Razor Billed Curassow Mitu tuberoso11.246.jpg,1280,720,Agouti,300,220,361,342
003Razor Billed Curassow Mitu tuberoso11.247.jpg,1280,720,RazorBilledCurassow,156,192,158,427
003Razor Billed Curassow Mitu tuberoso11.247.jpg,1280,720,Spiny Rat,468,425,604,452
003Razor Billed Curassow Mitu tuberoso11.247.jpg,1280,720,Agouti,300,220,361,342
003Razor Billed Curassow Mitu tuberoso11.248.jpg,1280,720,RazorBilledCurassow,156,192,158,427
003Razor Billed Curassow Mitu tuberoso11.248.jpg,1280,720,Spiny Rat,468,425,604,452
003Razor Billed Curassow Mitu tuberoso11.248.jpg,1280,720,Agouti,300,220,361,342
003Razor Billed Curassow Mitu tuberoso11.249.jpg,1280,720,RazorBilledCurassow,156,192,158,427
003Razor Billed Curassow Mitu tuberoso11.249.jpg,1280,720,Spiny Rat,468,425,608,451
003Razor Billed Curassow Mitu tuberoso11.249.jpg,1280,720,Agouti,300,220,361,342
003Razor Billed Curassow Mitu tuberoso11.250.jpg,1280,720,RazorBilledCurassow,156,192,158,427
003Razor Billed Curassow Mitu tuberoso11.250.jpg,1280,720,Spiny Rat,468,425,613,449
003Razor Billed Curassow Mitu tuberoso11.250.jpg,1280,720,Agouti,300,220,361,342
003Razor Billed Curassow Mitu tuberoso11.251.jpg,1280,720,RazorBilledCurassow,156,192,158,427
003Razor Billed Curassow Mitu tuberoso11.251.jpg,1280,720,Spiny Rat,468,425,619,449
003Razor Billed Curassow Mitu tuberoso11.251.jpg,1280,720,Agouti,300,220,361,342
003Razor Billed Curassow Mitu tuberoso11.252.jpg,1280,720,RazorBilledCurassow,156,192,158,427
003Razor Billed Curassow Mitu tuberoso11.252.jpg,1280,720,Spiny Rat,468,425,623,448
003Razor Billed Curassow Mitu tuberoso11.252.jpg,1280,720,Agouti,300,220,361,342
003Razor Billed Curassow Mitu tuberoso11.253.jpg,1280,720,RazorBilledCurassow,156,192,158,427
003Razor Billed Curassow Mitu tuberoso11.253.jpg,1280,720,Spiny Rat,468,425,624,447
003Razor Billed Curassow Mitu tuberoso11.253.jpg,1280,720,Agouti,300,220,361,342
003Razor Billed Curassow Mitu tuberoso11.254.jpg,1280,720,RazorBilledCurassow,156,192,158,427
003Razor Billed Curassow Mitu tuberoso11.254.jpg,1280,720,Spiny Rat,468,425,624,447
003Razor Billed Curassow Mitu tuberoso11.254.jpg,1280,720,Agouti,300,220,361,342
003Razor Billed Curassow Mitu tuberoso11.255.jpg,1280,720,RazorBilledCurassow,156,192,158,427
003Razor Billed Curassow Mitu tuberoso11.255.jpg,1280,720,Spiny Rat,468,425,624,447
003Razor Billed Curassow Mitu tuberoso11.255.jpg,1280,720,Agouti,300,220,361,342
003Razor Billed Curassow Mitu tuberoso11.256.jpg,1280,720,RazorBilledCurassow,156,192,158,427
003Razor Billed Curassow Mitu tuberoso11.256.jpg,1280,720,Spiny Rat,468,425,625,446
003Razor Billed Curassow Mitu tuberoso11.256.jpg,1280,720,Agouti,300,220,361,342
003Razor Billed Curassow Mitu tuberoso11.257.jpg,1280,720,RazorBilledCurassow,156,192,158,427
003Razor Billed Curassow Mitu tuberoso11.257.jpg,1280,720,Spiny Rat,468,425,627,444
003Razor Billed Curassow Mitu tuberoso11.257.jpg,1280,720,Agouti,300,220,361,342
003Razor Billed Curassow Mitu tuberoso11.258.jpg,1280,720,RazorBilledCurassow,156,192,158,427
003Razor Billed Curassow Mitu tuberoso11.258.jpg,1280,720,Spiny Rat,468,425,627,444
003Razor Billed Curassow Mitu tuberoso11.258.jpg,1280,720,Agouti,300,220,361,342
003Razor Billed Curassow Mitu tuberoso11.259.jpg,1280,720,RazorBilledCurassow,156,192,158,427
003Razor Billed Curassow Mitu tuberoso11.259.jpg,1280,720,Spiny Rat,468,425,627,444
003Razor Billed Curassow Mitu tuberoso11.259.jpg,1280,720,Agouti,300,220,361,342
003Razor Billed Curassow Mitu tuberoso11.260.jpg,1280,720,RazorBilledCurassow,156,192,158,427
003Razor Billed Curassow Mitu tuberoso11.260.jpg,1280,720,Spiny Rat,468,425,627,444
003Razor Billed Curassow Mitu tuberoso11.260.jpg,1280,720,Agouti,300,220,361,342
003Razor Billed Curassow Mitu tuberoso11.261.jpg,1280,720,RazorBilledCurassow,156,192,158,427
003Razor Billed Curassow Mitu tuberoso11.261.jpg,1280,720,Spiny Rat,468,425,627,444
003Razor Billed Curassow Mitu tuberoso11.261.jpg,1280,720,Agouti,300,220,361,342
003Razor Billed Curassow Mitu tuberoso11.262.jpg,1280,720,RazorBilledCurassow,156,192,158,427
003Razor Billed Curassow Mitu tuberoso11.262.jpg,1280,720,Spiny Rat,468,425,627,444
003Razor Billed Curassow Mitu tuberoso11.262.jpg,1280,720,Agouti,300,220,361,342
003Razor Billed Curassow Mitu tuberoso11.263.jpg,1280,720,RazorBilledCurassow,156,192,158,427
003Razor Billed Curassow Mitu tuberoso11.263.jpg,1280,720,Spiny Rat,468,425,627,444
003Razor Billed Curassow Mitu tuberoso11.263.jpg,1280,720,Agouti,300,220,361,342
003Razor Billed Curassow Mitu tuberoso11.264.jpg,1280,720,RazorBilledCurassow,156,192,158,427
003Razor Billed Curassow Mitu tuberoso11.264.jpg,1280,720,Spiny Rat,468,425,627,444
003Razor Billed Curassow Mitu tuberoso11.264.jpg,1280,720,Agouti,300,220,361,342
003Razor Billed Curassow Mitu tuberoso11.265.jpg,1280,720,RazorBilledCurassow,156,192,158,427
003Razor Billed Curassow Mitu tuberoso11.265.jpg,1280,720,Spiny Rat,468,425,627,444
003Razor Billed Curassow Mitu tuberoso11.265.jpg,1280,720,Agouti,300,220,361,342
003Razor Billed Curassow Mitu tuberoso11.266.jpg,1280,720,RazorBilledCurassow,156,192,158,427
003Razor Billed Curassow Mitu tuberoso11.266.jpg,1280,720,Spiny Rat,468,425,627,444
003Razor Billed Curassow Mitu tuberoso11.266.jpg,1280,720,Agouti,300,220,361,342
003Razor Billed Curassow Mitu tuberoso11.267.jpg,1280,720,RazorBilledCurassow,156,192,158,427
003Razor Billed Curassow Mitu tuberoso11.267.jpg,1280,720,Spiny Rat,468,425,627,444
003Razor Billed Curassow Mitu tuberoso11.267.jpg,1280,720,Agouti,300,220,361,342
003Razor Billed Curassow Mitu tuberoso11.268.jpg,1280,720,RazorBilledCurassow,156,192,158,427
003Razor Billed Curassow Mitu tuberoso11.268.jpg,1280,720,Spiny Rat,468,425,627,444
003Razor Billed Curassow Mitu tuberoso11.268.jpg,1280,720,Agouti,300,220,361,342
003Razor Billed Curassow Mitu tuberoso11.269.jpg,1280,720,RazorBilledCurassow,156,192,158,427
003Razor Billed Curassow Mitu tuberoso11.269.jpg,1280,720,Spiny Rat,468,425,627,444
003Razor Billed Curassow Mitu tuberoso11.269.jpg,1280,720,Agouti,300,220,361,342
003Razor Billed Curassow Mitu tuberoso11.270.jpg,1280,720,RazorBilledCurassow,156,192,158,427
003Razor Billed Curassow Mitu tuberoso11.270.jpg,1280,720,Spiny Rat,468,425,627,444
003Razor Billed Curassow Mitu tuberoso11.270.jpg,1280,720,Agouti,300,220,361,342
003Razor Billed Curassow Mitu tuberoso11.271.jpg,1280,720,RazorBilledCurassow,156,192,158,427
003Razor Billed Curassow Mitu tuberoso11.271.jpg,1280,720,Spiny Rat,468,425,627,444
003Razor Billed Curassow Mitu tuberoso11.271.jpg,1280,720,Agouti,300,220,361,342
003Razor Billed Curassow Mitu tuberoso11.272.jpg,1280,720,RazorBilledCurassow,156,192,158,427
003Razor Billed Curassow Mitu tuberoso11.272.jpg,1280,720,Spiny Rat,468,425,627,444
003Razor Billed Curassow Mitu tuberoso11.272.jpg,1280,720,Agouti,300,220,361,342
003Razor Billed Curassow Mitu tuberoso11.273.jpg,1280,720,RazorBilledCurassow,156,192,158,427
003Razor Billed Curassow Mitu tuberoso11.273.jpg,1280,720,Spiny Rat,468,425,627,444
003Razor Billed Curassow Mitu tuberoso11.273.jpg,1280,720,Agouti,300,220,361,342
003Razor Billed Curassow Mitu tuberoso11.274.jpg,1280,720,RazorBilledCurassow,156,192,158,427
003Razor Billed Curassow Mitu tuberoso11.274.jpg,1280,720,Spiny Rat,468,425,627,444
003Razor Billed Curassow Mitu tuberoso11.274.jpg,1280,720,Agouti,300,220,361,342
003Razor Billed Curassow Mitu tuberoso11.275.jpg,1280,720,RazorBilledCurassow,156,192,158,427
003Razor Billed Curassow Mitu tuberoso11.275.jpg,1280,720,Spiny Rat,468,425,627,444
003Razor Billed Curassow Mitu tuberoso11.275.jpg,1280,720,Agouti,300,220,361,342
003Razor Billed Curassow Mitu tuberoso11.276.jpg,1280,720,RazorBilledCurassow,156,192,158,427
003Razor Billed Curassow Mitu tuberoso11.276.jpg,1280,720,Spiny Rat,468,425,620,446
003Razor Billed Curassow Mitu tuberoso11.276.jpg,1280,720,Agouti,300,220,361,342
003Razor Billed Curassow Mitu tuberoso11.277.jpg,1280,720,RazorBilledCurassow,156,192,158,427
003Razor Billed Curassow Mitu tuberoso11.277.jpg,1280,720,Spiny Rat,468,425,615,448
003Razor Billed Curassow Mitu tuberoso11.277.jpg,1280,720,Agouti,300,220,361,342
003Razor Billed Curassow Mitu tuberoso11.278.jpg,1280,720,RazorBilledCurassow,156,192,158,427
003Razor Billed Curassow Mitu tuberoso11.278.jpg,1280,720,Spiny Rat,468,425,612,450
003Razor Billed Curassow Mitu tuberoso11.278.jpg,1280,720,Agouti,300,220,361,342
003Razor Billed Curassow Mitu tuberoso11.279.jpg,1280,720,RazorBilledCurassow,156,192,158,427
003Razor Billed Curassow Mitu tuberoso11.279.jpg,1280,720,Spiny Rat,468,425,612,450
003Razor Billed Curassow Mitu tuberoso11.279.jpg,1280,720,Agouti,300,220,361,342
003Razor Billed Curassow Mitu tuberoso11.280.jpg,1280,720,RazorBilledCurassow,156,192,158,427
003Razor Billed Curassow Mitu tuberoso11.280.jpg,1280,720,Spiny Rat,468,425,607,453
003Razor Billed Curassow Mitu tuberoso11.280.jpg,1280,720,Agouti,300,220,361,342
003Razor Billed Curassow Mitu tuberoso11.281.jpg,1280,720,RazorBilledCurassow,156,192,158,427
003Razor Billed Curassow Mitu tuberoso11.281.jpg,1280,720,Spiny Rat,468,425,599,455
003Razor Billed Curassow Mitu tuberoso11.281.jpg,1280,720,Agouti,300,220,361,342
003Razor Billed Curassow Mitu tuberoso11.282.jpg,1280,720,RazorBilledCurassow,156,192,158,427
003Razor Billed Curassow Mitu tuberoso11.282.jpg,1280,720,Spiny Rat,468,425,595,456
003Razor Billed Curassow Mitu tuberoso11.282.jpg,1280,720,Agouti,300,220,361,342
003Razor Billed Curassow Mitu tuberoso11.283.jpg,1280,720,RazorBilledCurassow,156,192,158,427
003Razor Billed Curassow Mitu tuberoso11.283.jpg,1280,720,Spiny Rat,468,425,591,457
003Razor Billed Curassow Mitu tuberoso11.283.jpg,1280,720,Agouti,300,220,361,342
003Razor Billed Curassow Mitu tuberoso11.284.jpg,1280,720,RazorBilledCurassow,156,192,158,427
003Razor Billed Curassow Mitu tuberoso11.284.jpg,1280,720,Spiny Rat,468,425,591,457
003Razor Billed Curassow Mitu tuberoso11.284.jpg,1280,720,Agouti,300,220,361,342
003Razor Billed Curassow Mitu tuberoso11.285.jpg,1280,720,RazorBilledCurassow,156,192,158,427
003Razor Billed Curassow Mitu tuberoso11.285.jpg,1280,720,Spiny Rat,468,425,587,459
003Razor Billed Curassow Mitu tuberoso11.285.jpg,1280,720,Agouti,300,220,361,342
003Razor Billed Curassow Mitu tuberoso11.286.jpg,1280,720,RazorBilledCurassow,156,192,158,427
003Razor Billed Curassow Mitu tuberoso11.286.jpg,1280,720,Spiny Rat,468,425,583,460
003Razor Billed Curassow Mitu tuberoso11.286.jpg,1280,720,Agouti,300,220,361,342
003Razor Billed Curassow Mitu tuberoso11.287.jpg,1280,720,RazorBilledCurassow,156,192,158,427
003Razor Billed Curassow Mitu tuberoso11.287.jpg,1280,720,Spiny Rat,468,425,579,462
003Razor Billed Curassow Mitu tuberoso11.287.jpg,1280,720,Agouti,300,220,361,342
003Razor Billed Curassow Mitu tuberoso11.288.jpg,1280,720,RazorBilledCurassow,156,192,158,427
003Razor Billed Curassow Mitu tuberoso11.288.jpg,1280,720,Spiny Rat,468,425,579,462
003Razor Billed Curassow Mitu tuberoso11.288.jpg,1280,720,Agouti,300,220,361,342
003Razor Billed Curassow Mitu tuberoso11.289.jpg,1280,720,RazorBilledCurassow,156,192,158,427
003Razor Billed Curassow Mitu tuberoso11.289.jpg,1280,720,Spiny Rat,468,425,579,462
003Razor Billed Curassow Mitu tuberoso11.289.jpg,1280,720,Agouti,300,220,361,342
003Razor Billed Curassow Mitu tuberoso11.290.jpg,1280,720,RazorBilledCurassow,156,192,158,427
003Razor Billed Curassow Mitu tuberoso11.290.jpg,1280,720,Spiny Rat,468,425,579,462
003Razor Billed Curassow Mitu tuberoso11.290.jpg,1280,720,Agouti,300,220,361,342
003Razor Billed Curassow Mitu tuberoso11.291.jpg,1280,720,RazorBilledCurassow,156,192,158,427
003Razor Billed Curassow Mitu tuberoso11.291.jpg,1280,720,Spiny Rat,468,425,579,462
003Razor Billed Curassow Mitu tuberoso11.291.jpg,1280,720,Agouti,300,220,361,342
003Razor Billed Curassow Mitu tuberoso11.292.jpg,1280,720,RazorBilledCurassow,156,192,158,427
003Razor Billed Curassow Mitu tuberoso11.292.jpg,1280,720,Spiny Rat,468,425,579,462
003Razor Billed Curassow Mitu tuberoso11.292.jpg,1280,720,Agouti,300,220,361,342
003Razor Billed Curassow Mitu tuberoso11.293.jpg,1280,720,RazorBilledCurassow,156,192,158,427
003Razor Billed Curassow Mitu tuberoso11.293.jpg,1280,720,Spiny Rat,468,425,579,462
003Razor Billed Curassow Mitu tuberoso11.293.jpg,1280,720,Agouti,300,220,361,342
003Razor Billed Curassow Mitu tuberoso11.294.jpg,1280,720,RazorBilledCurassow,156,192,158,427
003Razor Billed Curassow Mitu tuberoso11.294.jpg,1280,720,Spiny Rat,468,425,579,462
003Razor Billed Curassow Mitu tuberoso11.294.jpg,1280,720,Agouti,300,220,361,342
003Razor Billed Curassow Mitu tuberoso11.295.jpg,1280,720,RazorBilledCurassow,156,192,158,427
003Razor Billed Curassow Mitu tuberoso11.295.jpg,1280,720,Spiny Rat,468,425,579,462
003Razor Billed Curassow Mitu tuberoso11.295.jpg,1280,720,Agouti,300,220,361,342
003Razor Billed Curassow Mitu tuberoso11.296.jpg,1280,720,RazorBilledCurassow,156,192,158,427
003Razor Billed Curassow Mitu tuberoso11.296.jpg,1280,720,Spiny Rat,468,425,579,462
003Razor Billed Curassow Mitu tuberoso11.296.jpg,1280,720,Agouti,300,220,361,342
003Razor Billed Curassow Mitu tuberoso11.297.jpg,1280,720,RazorBilledCurassow,156,192,158,427
003Razor Billed Curassow Mitu tuberoso11.297.jpg,1280,720,Spiny Rat,468,425,579,462
003Razor Billed Curassow Mitu tuberoso11.297.jpg,1280,720,Agouti,300,220,361,342
003Razor Billed Curassow Mitu tuberoso11.298.jpg,1280,720,RazorBilledCurassow,156,192,158,427
003Razor Billed Curassow Mitu tuberoso11.298.jpg,1280,720,Spiny Rat,468,425,579,462
003Razor Billed Curassow Mitu tuberoso11.298.jpg,1280,720,Agouti,300,220,361,342
003Razor Billed Curassow Mitu tuberoso11.299.jpg,1280,720,RazorBilledCurassow,156,192,158,427
003Razor Billed Curassow Mitu tuberoso11.299.jpg,1280,720,Spiny Rat,468,425,579,462
003Razor Billed Curassow Mitu tuberoso11.299.jpg,1280,720,Agouti,300,220,361,342
003Razor Billed Curassow Mitu tuberoso11.300.jpg,1280,720,RazorBilledCurassow,156,192,158,427
003Razor Billed Curassow Mitu tuberoso11.300.jpg,1280,720,Spiny Rat,468,425,579,462
003Razor Billed Curassow Mitu tuberoso11.300.jpg,1280,720,Agouti,300,220,361,342
412Tapir.5.jpg,640,360,Tapir,311,74,405,200
412Tapir.5.jpg,640,360,Spiny Rat,411,280,477,329
412Tapir.10.jpg,640,360,Tapir,311,74,422,223
412Tapir.10.jpg,640,360,Spiny Rat,411,280,477,329
412Tapir.15.jpg,640,360,Tapir,316,77,438,236
412Tapir.15.jpg,640,360,Spiny Rat,411,280,477,329
412Tapir.20.jpg,640,360,Tapir,316,77,442,240
412Tapir.20.jpg,640,360,Spiny Rat,411,280,477,329
412Tapir.25.jpg,640,360,Tapir,312,72,452,246
412Tapir.25.jpg,640,360,Spiny Rat,411,280,477,329
412Tapir.30.jpg,640,360,Tapir,307,71,457,248
412Tapir.30.jpg,640,360,Spiny Rat,411,280,477,329
412Tapir.35.jpg,640,360,Tapir,301,69,458,248
412Tapir.35.jpg,640,360,Spiny Rat,411,280,477,329
412Tapir.40.jpg,640,360,Tapir,296,62,466,250
412Tapir.40.jpg,640,360,Spiny Rat,411,280,477,329
412Tapir.45.jpg,640,360,Tapir,296,62,466,250
412Tapir.45.jpg,640,360,Spiny Rat,411,280,477,329
412Tapir.50.jpg,640,360,Tapir,294,61,466,250
412Tapir.50.jpg,640,360,Spiny Rat,411,280,477,329
412Tapir.55.jpg,640,360,Tapir,290,57,471,250
412Tapir.55.jpg,640,360,Spiny Rat,411,280,477,329
412Tapir.60.jpg,640,360,Tapir,290,57,471,250
412Tapir.60.jpg,640,360,Spiny Rat,411,280,477,329
412Tapir.65.jpg,640,360,Tapir,290,57,471,250
412Tapir.65.jpg,640,360,Spiny Rat,411,280,477,329
412Tapir.70.jpg,640,360,Tapir,291,57,474,253
412Tapir.70.jpg,640,360,Spiny Rat,411,280,477,329
412Tapir.75.jpg,640,360,Tapir,294,59,472,260
412Tapir.75.jpg,640,360,Spiny Rat,411,280,477,329
412Tapir.80.jpg,640,360,Tapir,294,59,472,260
412Tapir.80.jpg,640,360,Spiny Rat,411,280,477,329
412Tapir.85.jpg,640,360,Tapir,298,60,479,260
412Tapir.85.jpg,640,360,Spiny Rat,411,280,477,329
412Tapir.90.jpg,640,360,Tapir,300,61,480,260
412Tapir.90.jpg,640,360,Spiny Rat,411,280,477,329
412Tapir.95.jpg,640,360,Tapir,308,61,480,260
412Tapir.95.jpg,640,360,Spiny Rat,411,280,477,329
412Tapir.100.jpg,640,360,Tapir,315,59,506,268
412Tapir.100.jpg,640,360,Spiny Rat,411,280,477,329
412Tapir.105.jpg,640,360,Tapir,321,55,517,271
412Tapir.105.jpg,640,360,Spiny Rat,411,280,477,329
412Tapir.110.jpg,640,360,Tapir,325,53,523,274
412Tapir.110.jpg,640,360,Spiny Rat,411,280,477,329
412Tapir.115.jpg,640,360,Tapir,328,53,528,277
412Tapir.115.jpg,640,360,Spiny Rat,411,280,477,329
412Tapir.120.jpg,640,360,Tapir,335,52,540,278
412Tapir.120.jpg,640,360,Spiny Rat,411,280,477,329
412Tapir.125.jpg,640,360,Tapir,341,51,543,278
412Tapir.125.jpg,640,360,Spiny Rat,411,280,477,329
412Tapir.130.jpg,640,360,Tapir,342,51,544,278
412Tapir.130.jpg,640,360,Spiny Rat,411,280,477,329
412Tapir.135.jpg,640,360,Tapir,352,49,548,278
412Tapir.135.jpg,640,360,Spiny Rat,411,280,477,329
412Tapir.140.jpg,640,360,Tapir,354,48,548,278
412Tapir.140.jpg,640,360,Spiny Rat,411,280,477,329
412Tapir.145.jpg,640,360,Tapir,359,47,551,274
412Tapir.145.jpg,640,360,Spiny Rat,411,280,477,329
412Tapir.150.jpg,640,360,Tapir,359,47,552,274
412Tapir.150.jpg,640,360,Spiny Rat,411,280,477,329
412Tapir.155.jpg,640,360,Tapir,359,47,557,270
412Tapir.155.jpg,640,360,Spiny Rat,411,280,477,329
412Tapir.160.jpg,640,360,Tapir,359,47,558,270
412Tapir.160.jpg,640,360,Spiny Rat,411,280,477,329
412Tapir.165.jpg,640,360,Tapir,359,47,558,270
412Tapir.165.jpg,640,360,Spiny Rat,411,280,477,329
412Tapir.170.jpg,640,360,Tapir,358,47,560,269
412Tapir.170.jpg,640,360,Spiny Rat,411,280,477,329
412Tapir.175.jpg,640,360,Tapir,356,45,560,269
412Tapir.175.jpg,640,360,Spiny Rat,411,280,477,329
412Tapir.180.jpg,640,360,Tapir,356,45,560,269
412Tapir.180.jpg,640,360,Spiny Rat,411,280,477,329
412Tapir.185.jpg,640,360,Tapir,356,45,560,269
412Tapir.185.jpg,640,360,Spiny Rat,411,280,477,329
412Tapir.190.jpg,640,360,Tapir,356,45,560,268
412Tapir.190.jpg,640,360,Spiny Rat,411,280,477,329
412Tapir.195.jpg,640,360,Tapir,356,44,560,266
412Tapir.195.jpg,640,360,Spiny Rat,411,280,477,329
412Tapir.200.jpg,640,360,Tapir,351,43,560,266
412Tapir.200.jpg,640,360,Spiny Rat,411,280,477,329
412Tapir.205.jpg,640,360,Tapir,342,43,552,267
412Tapir.205.jpg,640,360,Spiny Rat,411,280,477,329
412Tapir.210.jpg,640,360,Tapir,327,44,527,271
412Tapir.210.jpg,640,360,Spiny Rat,411,280,477,329
412Tapir.215.jpg,640,360,Tapir,300,47,512,274
412Tapir.215.jpg,640,360,Spiny Rat,411,280,477,329
412Tapir.220.jpg,640,360,Tapir,278,49,512,274
412Tapir.220.jpg,640,360,Spiny Rat,411,280,477,329
412Tapir.225.jpg,640,360,Tapir,260,49,508,276
412Tapir.225.jpg,640,360,Spiny Rat,411,280,477,329
412Tapir.230.jpg,640,360,Tapir,245,43,502,278
412Tapir.230.jpg,640,360,Spiny Rat,411,280,477,329
412Tapir.235.jpg,640,360,Tapir,236,37,502,278
412Tapir.235.jpg,640,360,Spiny Rat,411,280,477,329
412Tapir.240.jpg,640,360,Tapir,216,27,508,280
412Tapir.240.jpg,640,360,Spiny Rat,411,280,477,329
412Tapir.245.jpg,640,360,Tapir,213,26,513,284
412Tapir.245.jpg,640,360,Spiny Rat,411,280,477,329
412Tapir.250.jpg,640,360,Tapir,191,22,513,293
412Tapir.250.jpg,640,360,Spiny Rat,411,280,477,329
412Tapir.255.jpg,640,360,Tapir,169,19,510,295
412Tapir.255.jpg,640,360,Spiny Rat,411,280,477,329
412Tapir.260.jpg,640,360,Tapir,118,14,504,301
412Tapir.260.jpg,640,360,Spiny Rat,411,280,477,329
412Tapir.265.jpg,640,360,Tapir,90,11,497,302
412Tapir.265.jpg,640,360,Spiny Rat,411,280,477,329
412Tapir.270.jpg,640,360,Tapir,76,6,491,303
412Tapir.270.jpg,640,360,Spiny Rat,411,280,477,329
